GENE	TWAS.P
FOXD4	0.856
CBWD1	0.844
DOCK8	0.119
KANK1	0.0975
FLJ35024	0.591
KCNV2	0.279
SLC1A1	0.0784
AK3	0.831
RCL1	0.417
JAK2	0.719
CD274	0.239
KIAA1432	0.555
ERMP1	0.633
RANBP6	0.829
IL33	0.0602
GLDC	0.893
C9orf123	0.298
TYRP1	0.358
MPDZ	0.0575
FREM1	0.888
LOC389705	0.735
TTC39B	0.528
SNAPC3	0.0873
CNTLN	0.00302
SH3GL2	0.295
DENND4C	0.202
SLC24A2	0.294
IFNW1	0.279
IFNA21	0.0225
KLHL9	0.291
MTAP	0.219
CDKN2B-AS1	0.259
CDKN2B	0.155
DMRTA1	0.846
TUSC1	0.733
PLAA	0.286
LRRC19	0.0171
TEK	3.69e-4
C9orf72	0.329
ACO1	0.602
TMEM215	0.769
APTX	0.519
NFX1	0.831
NOL6	0.346
PTENP1	0.317
PRSS3	0.277
UBE2R2	0.0101
KIF24	0.009
NUDT2	0.194
C9orf24	0.943
ENHO	0.073
GALT	0.0717
DNAJB5	0.755
FANCG	0.118
CCDC107	0.539
TPM2	0.185
TMEM8B	0.925
LOC158376	0.0985
GLIPR2	0.58
CLTA	0.249
GNE	0.522
LOC100506710	0.0998
ZCCHC7	0.00649
POLR1E	0.092
FBXO10	2e-5
SHB	0.0131
ANKRD18A	0.797
FAM201A	0.263
FXN	0.138
MAMDC2	0.0217
TRPM3	0.124
GDA	0.00525
TMC1	0.0419
RORB	0.00393
GCNT1	0.968
VPS13A	0.872
PSAT1	0.712
UBQLN1	0.0995
KIF27	0.0126
RMI1	0.0601
GOLM1	0.414
C9orf170	0.619
CKS2	0.0881
SEMA4D	0.0239
AUH	0.857
NFIL3	0.37
ROR2	0.931
SPTLC1	0.374
IARS	0.845
CENPP	0.404
OGN	0.256
ASPN	0.404
ECM2	0.237
LOC100128361	0.653
BICD2	0.287
ANKRD19P	0.787
ZNF484	0.825
WNK2	0.119
ZNF169	0.909
C9orf102	0.767
LOC441455	0.369
LOC441454	0.692
CTSL2	0.411
NANS	0.00869
TRIM14	0.897
CORO2A	0.478
TBC1D2	0.375
INVS	0.055
TEX10	0.476
BAAT	0.249
ALDOB	0.488
SMC2	0.056
NIPSNAP3A	0.698
FKTN	0.492
IKBKAP	0.323
CTNNAL1	0.674
PTPN3	0.25
TXN	0.758
KIAA0368	0.0995
PTGR1	0.0336
C9orf84	0.034
UGCG	0.865
SUSD1	0.514
HSDL2	0.00979
SLC46A2	0.132
ZFP37	0.981
SLC31A1	0.738
WDR31	0.154
BSPRY	0.245
HDHD3	0.551
ALAD	0.146
RGS3	0.885
KIF12	0.0425
COL27A1	0.485
DFNB31	0.422
TNC	0.525
TLR4	0.338
CDK5RAP2	0.97
PSMD5	0.577
LOC253039	0.589
TRAF1	0.906
C5	0.825
CNTRL	0.938
STOM	0.38
RABGAP1	0.379
DENND1A	0.608
PSMB7	0.22
SCAI	0.598
PPP6C	0.394
RABEPK	0.283
RALGPS1	0.158
SLC2A8	0.523
ZNF79	0.0382
RPL12	0.09
FAM129B	0.438
PTRH1	0.298
TOR2A	0.0797
CDK9	0.112
PIP5KL1	0.0239
DPM2	0.0682
ODF2	0.49
ENDOG	0.242
C9orf114	0.61
LRRC8A	0.929
PHYHD1	0.784
CRAT	0.127
ASS1	0.11
LOC100272217	0.0958
LAMC3	0.391
AIF1L	0.41
POMT1	0.798
SETX	0.464
TTF1	0.387
DDX31	0.666
AK8	0.137
SURF6	0.842
SURF1	0.397
SURF2	0.863
SURF4	0.109
REXO4	0.854
ADAMTS13	0.632
DBH	0.352
SARDH	0.182
BRD3	0.506
OLFM1	0.0932
LOC100506599	0.905
KCNT1	0.734
QSOX2	0.754
DNLZ	0.434
SNAPC4	0.0306
SDCCAG3	0.573
INPP5E	0.021
SNHG7	0.398
LCNL1	0.48
C9orf142	0.0523
MAN1B1	0.0486
DPP7	0.176
NOXA1	0.056
PNPLA7	0.283
CACNA1B	3.29e-4
TUBBP5	6.41e-7
RPL23AP53	0.879
ERICH1	0.255
CLN8	0.88
ARHGEF10	0.0204
MYOM2	0.33
MCPH1	0.355
SGK223	0.373
ERI1	0.381
PINX1	0.58
TDH	0.0205
FAM167A	0.0271
NEIL2	0.258
CTSB	0.0831
FAM66D	0.0969
LOC100506990	0.0595
FAM86B1	0.0126
FAM90A25P	0.0206
DLC1	0.912
TUSC3	0.413
MSR1	0.096
CNOT7	0.158
VPS37A	0.00688
MTMR7	0.0678
SLC7A2	0.386
PDGFRL	0.00162
MTUS1	0.00623
FGL1	0.202
PCM1	0.228
CSGALNACT1	0.728
INTS10	0.325
LPL	0.324
NUDT18	0.663
HR	0.00471
LGI3	0.973
PIWIL2	0.587
PPP3CC	0.0338
SORBS3	0.826
PDLIM2	0.0659
C8orf58	0.0114
PEBP4	0.103
LOXL2	0.339
SLC25A37	0.879
NEFL	0.334
ADRA1A	0.586
STMN4	0.0179
TRIM35	0.0613
EPHX2	0.414
CCDC25	7.39e-5
ELP3	0.00985
FZD3	0.765
KIF13B	0.651
GSR	0.927
UBXN8	0.982
TEX15	0.591
WRN	0.0912
FUT10	0.252
UNC5D	0.0912
GPR124	0.0251
EIF4EBP1	0.00333
STAR	0.00183
DDHD2	1.13e-4
PPAPDC1B	0.0564
FGFR1	0.153
PLEKHA2	3.73e-4
TM2D2	0.0193
ADAM9	0.0223
ADAM32	0.252
C8orf4	0.862
ZMAT4	0.887
SFRP1	0.0798
GOLGA7	0.241
GINS4	0.547
PLAT	0.746
CHRNA6	0.0198
LOC100287846	0.986
KIAA0146	0.906
MCM4	0.588
EFCAB1	0.757
SNTG1	0.0372
PXDNL	0.00224
PCMTD1	0.218
OPRK1	0.177
XKR4	0.181
TGS1	0.82
PENK	0.967
UBXN2B	0.0961
CA8	0.737
RAB2A	0.793
ASPH	0.319
GGH	0.906
CYP7B1	0.0137
LOC286186	0.365
MTFR1	0.141
ADHFE1	0.024
C8orf34	0.634
SLCO5A1	0.313
LOC286190	0.938
LACTB2	0.891
XKR9	0.696
EYA1	0.486
LOC100132891	0.258
TRPA1	0.867
LOC392232	0.0113
TERF1	0.23
RDH10	0.101
UBE2W	0.21
TMEM70	0.622
FLJ39080	0.499
PI15	0.407
CRISPLD1	0.752
IL7	0.795
HEY1	0.253
TPD52	0.309
ZBTB10	0.588
PAG1	0.806
IMPA1	0.872
SLC10A5	0.174
ZFAND1	0.0399
SNX16	0.00627
LRRCC1	0.254
C8orf59	0.961
CA3	0.78
CPNE3	0.728
CNGB3	0.426
OSGIN2	0.129
DECR1	0.0024
LOC100127983	0.373
LRRC69	0.00912
RUNX1T1	0.384
KIAA1429	0.451
ESRP1	0.349
INTS8	0.147
TP53INP1	0.172
C8orf37	0.634
TSPYL5	0.94
MATN2	0.269
C8orf47	0.843
NIPAL2	0.997
STK3	0.0751
RGS22	0.636
FBXO43	0.833
SPAG1	0.996
SNX31	0.104
NCALD	0.66
BAALC	0.873
FZD6	0.987
CTHRC1	0.875
SLC25A32	0.804
DCAF13	0.277
DPYS	0.343
LRP12	0.139
RSPO2	0.259
EIF3E	0.751
NUDCD1	0.912
TRPS1	0.884
UTP23	0.273
MED30	0.00765
SAMD12	0.12
NOV	0.587
TAF2	0.863
DSCC1	0.993
DEPTOR	0.525
COL14A1	0.448
MTBP	6.43e-4
DERL1	0.899
WDR67	0.412
WDYHV1	0.98
FBXO32	0.153
FER1L6	0.749
TMEM65	0.864
NDUFB9	0.205
TRIB1	0.831
ASAP1	0.582
EFR3A	0.847
TG	0.985
WISP1	0.606
ST3GAL1	0.115
ZFAT	0.896
KHDRBS3	0.661
FAM135B	0.21
TRAPPC9	0.396
DENND3	0.839
TSNARE1	0.0116
JRK	0.0456
LOC100288181	0.167
LYNX1	0.756
LOC100133669	0.0531
C8orf31	0.0203
LY6H	0.493
GPIHBP1	0.441
GLI4	0.00524
TOP1MT	0.0249
RHPN1	0.236
GSDMD	0.885
NAPRT1	0.945
FAM83H	0.011
EPPK1	0.327
PLEC	1.29e-9
GPAA1	0.296
KIAA1875	0.182
CPSF1	0.351
SLC39A4	0.659
VPS28	0.363
KIFC2	0.903
RECQL4	0.53
C8orf82	0.398
ZNF34	0.0092
RPL8	0.0122
ZNF517	0.0102
COMMD5	0.078
TMED10P1	0.114
C8orf33	0.0652
HEATR2	0.0819
C7orf50	2.08e-4
GPR146	0.0467
ZFAND2A	0.0949
INTS1	0.978
KIAA1908	0.21
MAD1L1	0.461
EIF3B	0.811
IQCE	0.507
AMZ1	0.527
GNA12	0.927
SDK1	0.0704
RBAK	0.505
ZNF890P	0.323
ACTB	0.988
RNF216	0.375
CCZ1	0.0587
PMS2	0.516
EIF2AK1	0.179
DAGLB	0.0727
KDELR2	0.0153
ZDHHC4	0.491
PMS2CL	0.808
C1GALT1	0.0681
COL28A1	0.158
MIOS	0.138
RPA3	0.859
GLCCI1	0.193
ICA1	0.314
VWDE	0.385
ARL4A	0.502
AGMO	0.0471
MEOX2	0.743
SOSTDC1	0.49
ANKMY2	0.39
TWIST1	0.731
TMEM196	0.0222
DNAH11	0.0385
CDCA7L	0.204
STEAP1B	0.964
TOMM7	0.47
FAM126A	0.407
NUPL2	0.0685
GPNMB	0.0786
CCDC126	0.275
STK31	0.747
MPP6	0.802
DFNA5	0.18
OSBPL3	0.018
LOC441204	0.371
KIAA0087	0.401
SKAP2	0.0886
HIBADH	0.655
TRIL	0.735
LOC100506497	0.848
CPVL	0.867
LOC646762	0.897
WIPF3	3.97e-5
PLEKHA8	1.94e-6
C7orf41	0.347
LOC401320	0.00798
GARS	0.00968
CRHR2	0.272
PDE1C	0.827
LOC100130673	0.325
LSM5	0.208
AVL9	0.0312
DPY19L1P1	0.504
LOC401321	0.787
RP9P	0.533
RP9	0.533
BBS9	0.0463
BMPER	0.00275
DPY19L1	0.273
HERPUD2	0.0197
EPDR1	0.901
AMPH	0.699
VPS41	0.433
C7orf25	0.575
STK17A	0.386
BLVRA	0.613
URGCP	0.744
POLR2J4	0.296
DBNL	0.311
POLM	0.397
AEBP1	0.744
POLD2	0.448
NUDCD3	0.632
H2AFV	0.768
NACAD	0.00871
TBRG4	0.302
RAMP3	0.468
TNS3	0.734
PKD1L1	0.582
FIGNL1	0.989
LOC285878	0.0544
EGFR	0.464
LANCL2	0.0661
VOPP1	0.47
ZNF713	0.0846
GBAS	0.00905
PSPH	0.0702
SUMF2	0.00348
CHCHD2	0.0953
LOC650226	0.0313
ZNF727	0.131
ZNF736	0.0419
ZNF680	0.561
ZNF107	0.0886
ZNF138	0.117
ZNF273	0.381
ZNF117	0.124
ERV3-1	1.58e-4
CCT6P3	9.13e-4
ZNF92	0.00898
LOC441242	0.588
INTS4L2	9.78e-4
CCT6P1	0.0104
ASL	0.531
CRCP	0.313
LOC493754	2.87e-4
RABGEF1	0.621
SBDS	0.263
TYW1	0.948
PMS2P4	0.302
STAG3L4	0.528
CALN1	0.248
TYW1B	0.373
NSUN5P2	0.587
TBL2	0.791
DNAJC30	0.934
LIMK1	0.00365
CLIP2	0.00348
GTF2IRD1	0.101
STAG3L2	0.938
PMS2P5	0.507
STAG3L1	0.253
POM121C	0.255
STYXL1	0.0196
MDH2	0.77
YWHAG	0.00295
ZP3	0.0616
LOC100133091	0.166
POMZP3	3.36e-4
DTX2P1-UPK3BP1-PMS2P11	0.576
LOC100132832	0.739
CCDC146	0.823
FGL2	0.863
PTPN12	0.896
RSBN1L	0.4
CD36	0.766
SEMA3C	0.917
ABCB4	0.772
ADAM22	0.0812
ZNF804B	0.049
DPY19L2P4	0.0109
STEAP1	0.558
STEAP2	0.504
C7orf63	0.424
GTPBP10	0.753
CYP51A1	0.0423
KRIT1	0.298
CDK6	0.306
SAMD9L	0.171
SGCE	0.477
PPP1R9A	0.34
PON3	0.721
ASB4	0.76
DYNC1I1	0.695
ASNS	0.475
TMEM130	0.443
SMURF1	0.482
CPSF4	0.00245
LOC100289187	0.0329
AZGP1	0.232
ZKSCAN1	0.0763
ZSCAN21	0.0112
MCM7	0.321
MBLAC1	0.673
GATS	0.0727
PVRIG	0.0011
PILRB	0.687
PILRA	0.898
ZCWPW1	0.704
MEPCE	0.789
C7orf61	0.136
GIGYF1	5.15e-5
SLC12A9	8.82e-4
TRIP6	0.816
UFSP1	0.626
SERPINE1	0.458
CLDN15	0.803
SH2B2	0.158
LOC100630923	0.77
PRKRIP1	0.878
POLR2J	0.369
POLR2J3	0.584
RASA4	0.282
ARMC10	0.427
NAPEPLD	0.789
ORC5	0.903
CDHR3	0.285
NAMPT	0.833
COG5	0.0215
SLC26A4	0.378
DLD	0.377
DNAJB9	0.0144
IMMP2L	0.351
GPR85	0.0123
LOC401397	0.0032
MDFIC	0.82
TFEC	0.539
CAV2	0.454
CAV1	0.22
MET	0.43
CAPZA2	0.246
WNT2	0.841
CFTR	0.624
CTTNBP2	0.99
NAA38	0.782
ANKRD7	0.502
WNT16	0.843
CADPS2	0.152
IQUB	0.428
TMEM229A	0.749
GPR37	0.583
POT1	0.65
GRM8	0.804
ZNF800	0.196
GCC1	0.204
SND1	0.0812
LRRC4	0.399
METTL2B	0.0531
FAM71F2	0.303
CALU	0.0129
FLNC	0.00324
LOC100130705	0.0611
TMEM209	0.751
CPA4	0.0817
EXOC4	0.986
LRGUK	0.109
AGBL3	0.0214
TMEM140	0.502
WDR91	0.0595
C7orf73	0.0021
KIAA1549	0.8
TTC26	0.169
SLC37A3	0.887
DENND2A	0.00235
ADCK2	0.2
NDUFB2	0.975
BRAF	0.738
MRPS33	0.00446
TAS2R5	0.689
CLEC5A	0.617
MGAM	0.531
TRPV6	0.244
LOC154761	0.99
TPK1	0.132
PDIA4	0.011
ZNF786	0.13
ZNF425	0.6
ZNF212	0.137
LOC155060	0.856
ZNF783	0.482
ZNF777	0.84
ZNF767	0.672
KRBA1	0.926
SSPO	0.638
ZNF862	0.572
ATP6V0E2	0.551
ACTR3C	0.498
LRRC61	0.0114
REPIN1	0.00165
GIMAP8	0.694
GIMAP2	0.00659
TMEM176B	0.303
TMEM176A	0.261
ABCB8	9.26e-4
FASTK	0.00524
ABCF2	0.178
NUB1	0.406
GALNTL5	0.559
LOC100128822	0.86
XRCC2	0.813
ACTR3B	0.114
LOC202781	0.101
LOC100128264	0.944
LOC285889	0.266
C7orf13	0.59
RNF32	0.0304
LMBR1	0.648
NOM1	0.508
PTPRN2	0.0183
NCAPG2	0.924
ESYT2	0.0292
WDR60	0.834
VIPR2	0.0495
EXOC2	0.760032
LOC285768	0.197502
C6orf195	0.277667
MYLK4	0.618047
WRNIP1	0.217949
SERPINB1	0.330301
SERPINB9	0.071103
DKFZP686I15217	0.149572
NQO2	0.22282
BPHL	0.082832
PSMG4	0.616371
ECI2	0.059972
LYRM4	0.304455
FARS2	0.008244
SSR1	0.088405
RIOK1	0.159743
PIP5K1P1	0.45529
SLC35B3	0.624842
LOC100506207	0.964564
GCNT2	0.724838
SYCP2L	0.468012
ELOVL2	0.008266
TBC1D7	0.071466
SIRT5	0.097317
RNF182	0.718099
CD83	0.943096
DTNBP1	0.598223
FAM8A1	0.299736
KIF13A	0.263326
NHLRC1	0.500311
TPMT	0.080603
KDM1B	0.906068
E2F3	0.914137
CDKAL1	0.150468
NRSN1	0.828227
DCDC2	0.813433
MRS2	0.08718
GPLD1	0.238
ALDH5A1	0.356463
KIAA0319	0.511138
TDP2	0.043949
C6orf62	0.828767
CMAHP	2.37e-4
PACSIN1	0.086821
C6orf106	0.100702
SNRPC	0.960919
UHRF1BP1	0.91955
TAF11	0.340872
ANKS1A	0.96889
FANCE	0.598194
RPL10A	0.874361
SRPK1	0.027665
SLC26A8	0.360723
MAPK13	0.095913
ETV7	0.513756
C6orf89	0.721025
PI16	0.447843
MTCH1	0.393112
TMEM217	0.729264
CCDC167	0.803361
MDGA1	0.405154
GLO1	0.133367
KIF6	0.578895
MED20	0.612211
GUCA1A	0.921775
GUCA1B	0.854584
MRPS10	0.64109
PRPH2	0.393199
GNMT	0.645516
PEX6	0.531142
CUL7	0.115487
PTK7	0.50669
CUL9	1.08e-4
TCTE1	0.739134
AARS2	0.601704
SUPT3H	0.756282
RUNX2	0.843828
CLIC5	0.677795
ENPP4	0.329348
ENPP5	0.333044
SLC25A27	0.001139
TDRD6	0.306341
PLA2G7	0.021848
MUT	0.686213
CENPQ	0.040877
MCM3	0.902867
PAQR8	0.276687
EFHC1	0.587541
LOC730101	0.950042
ELOVL5	0.683274
LRRC1	0.296537
MLIP	0.618786
TINAG	0.874211
HCRTR2	0.168822
HMGCLL1	0.507338
BEND6	0.273218
KIAA1586	0.406029
RAB23	0.237363
KHDRBS2	0.733384
LMBRD1	0.747084
COL19A1	0.703828
C6orf57	0.309846
OGFRL1	0.786286
KHDC1	0.208131
MB21D1	0.889775
MTO1	0.145942
SLC17A5	0.659937
CD109	0.3529
COL12A1	0.712364
TMEM30A	0.921138
FILIP1	0.388138
SENP6	0.251175
MYO6	0.06746
IMPG1	0.329962
SH3BGRL2	0.214606
TTK	0.884233
BCKDHB	0.876033
IBTK	0.502602
TPBG	0.737597
ME1	0.020287
PRSS35	0.05796
SNAP91	0.00967
MRAP2	0.167587
KIAA1009	0.952156
NT5E	0.550143
SNHG5	0.367057
ZNF292	0.448451
C6orf163	0.895425
C6orf164	0.365568
C6orf165	0.801041
RARS2	0.380373
SRSF12	0.099092
LYRM2	0.537033
MDN1	0.253332
EPHA7	0.799523
MANEA	0.679765
FUT9	0.378733
FHL5	0.675216
NDUFAF4	0.88945
KLHL32	5.36e-4
MMS22L	0.742354
FBXL4	0.264377
USP45	0.035563
MCHR2	0.9262
ASCC3	0.018221
GRIK2	0.079398
HACE1	0.254519
LIN28B	0.6355
POPDC3	0.800268
PREP	0.761729
ATG5	0.070897
AIM1	0.023883
QRSL1	0.511606
PDSS2	0.381574
SCML4	0.599505
OSTM1	0.001865
ARMC2	0.145729
CD164	0.089141
PPIL6	0.045571
SMPD2	0.027943
MICAL1	0.2718
FIG4	0.73183
DDO	0.522746
RPF2	0.253454
SLC16A10	0.17982
REV3L	0.212096
TRAF3IP2-AS1	0.548627
TUBE1	0.047033
HS3ST5	0.380449
FRK	0.002534
DSE	0.002463
FAM26F	0.379688
FAM162B	0.739889
ROS1	0.067288
GOPC	0.006528
DCBLD1	0.480216
MCM9	0.344607
FAM184A	0.835229
C6orf170	0.951239
HSF2	0.214432
PKIB	0.152941
SMPDL3A	0.744215
TRDN	0.174819
RNF217	0.880765
TPD52L1	0.987292
HDDC2	0.995032
HEY2	0.720401
HINT3	0.379387
CENPW	0.816538
PTPRK	0.06948
ARHGAP18	0.627676
SAMD3	0.364804
TMEM200A	0.016261
EPB41L2	0.618175
AKAP7	0.144577
MED23	0.149924
ENPP1	0.67909
MOXD1	0.010316
STX7	0.789469
EYA4	0.331178
SLC2A12	0.165707
HMGA1P7	0.530659
LOC154092	0.017968
ALDH8A1	0.445093
HBS1L	0.526696
PDE7B	0.139324
MAP3K5	0.481336
PEX7	0.004743
PERP	0.291166
HEBP2	0.729446
FLJ46906	0.522524
LOC100507462	0.436871
CCDC28A	0.815528
TXLNB	0.848415
VTA1	0.009738
PEX3	0.165747
PHACTR2	0.861878
EPM2A	0.538535
LOC100507557	0.020116
STXBP5	0.039225
SAMD5	0.489593
SASH1	8.54e-4
UST	0.270892
TAB2	0.692843
ZC3H12D	0.185743
PPIL4	0.033117
KATNA1	0.078069
LATS1	0.173242
NUP43	0.104376
RAET1E	0.078069
ULBP2	0.443082
RMND1	0.149454
ESR1	0.020714
SYNE1	0.601313
MTRF1L	0.004223
RGS17	0.007596
IPCEF1	0.522155
CNKSR3	0.816487
TFB1M	0.001712
ZDHHC14	0.896426
SNX9	0.23444
SYNJ2	0.049522
SERAC1	0.634883
GTF2H5	0.053267
TULP4	0.747161
DYNLT1	0.663056
SYTL3	0.566645
EZR	0.310106
SOD2	0.099558
WTAP	0.011971
TCP1	0.028869
MRPL18	0.467839
SLC22A3	0.770444
LPAL2	0.842482
LPA	0.122639
MAP3K4	0.308381
PARK2	0.145727
PACRG	0.457153
C6orf118	0.587975
LOC100289495	0.819646
RPS6KA2	0.504134
CCR6	0.576633
MLLT4	0.037166
DACT2	0.995513
SMOC2	0.936457
THBS2	0.406467
WDR27	0.401837
C6orf120	0.260156
C6orf70	0.116516
FAM120B	0.245235
PDCD2	0.604458
CCDC127	0.837
SDHA	0.308
AHRR	0.208
C5orf55	0.811
EXOC3	0.985
PP7080	0.278
CEP72	0.152
TPPP	0.945
ZDHHC11	0.987
BRD9	0.732
NKD2	0.087
SLC12A7	0.65
SDHAP3	0.742
LOC728613	0.793
FLJ33360	0.881
UBE2QL1	0.0692
NSUN2	0.00126
SRD5A1	0.714
MTRR	0.287
CMBL	0.192
DAP	0.286
DNAH5	0.894
ANKH	0.645
LOC285696	0.121
GUSBP1	0.49
CDH12	0.021
CDH10	0.951
CDH9	0.162
C5orf22	0.352
NPR3	0.422
ADAMTS12	0.478
RXFP3	0.483
AMACR	0.149
C1QTNF3	0.509
RAI14	0.235
DNAJC21	0.546
PRLR	0.663
SPEF2	0.866
SKP2	0.186
NADKD1	0.352
C5orf42	0.0832
LOC100506548	0.415
PLCXD3	0.263
C5orf51	0.0532
GHR	0.868
CCDC152	0.981
SEPP1	0.512
ZNF131	0.35
HMGCS1	0.296
C5orf34	0.635
PAIP1	0.598
NNT	0.649
EMB	0.341
PARP8	0.847
ITGA1	0.0298
PELO	0.0819
ITGA2	0.373
LOC257396	0.775
NDUFS4	0.55
SNX18	0.266
CCNO	0.173
DDX4	0.587
IL6ST	0.457
RAB3C	0.0166
PART1	0.921
DEPDC1B	0.391
ELOVL7	0.0916
ERCC8	0.184
NDUFAF2	0.969
C5orf64	0.738
IPO11	0.342
HTR1A	0.699
RNF180	0.82
CWC27	0.0398
CENPK	0.148
PPWD1	0.674
SGTB	0.00901
NLN	0.0634
ERBB2IP	0.057
SREK1	0.163
PIK3R1	0.737
SLC30A5	0.0652
CENPH	0.34
CDK7	0.23
CCDC125	0.783
TAF9	0.838
OCLN	0.062
BDP1	0.07
MCCC2	0.863
MRPS27	0.0573
ANKRA2	0.544
HEXB	0.638
GFM2	0.621
NSA2	0.817
FAM169A	0.304
ANKRD31	0.0478
POC5	0.575
SV2C	0.294
F2R	0.631
F2RL1	0.0743
PDE8B	0.234
WDR41	0.228
TBCA	0.513
AP3B1	0.0077
SCAMP1	0.00933
ARSB	0.128
DMGDH	0.49
BHMT2	0.106
BHMT	0.561
JMY	0.938
THBS4	0.743
SERINC5	0.796
ZFYVE16	0.229
DHFR	0.093
MSH3	8.62e-6
RASGRF2	0.0797
CKMT2	0.417
LOC100131067	0.678
ATG10	0.799
RPS23	0.429
ATP6AP1L	0.747
TMEM167A	0.83
COX7C	0.526
RASA1	0.508
CETN3	0.00313
POLR3G	0.0689
GPR98	0.785
KIAA0825	0.00994
ANKRD32	0.0506
MCTP1	0.00308
TTC37	0.666
GLRX	0.825
C5orf27	0.82
CAST	0.881
ERAP1	0.112
ERAP2	0.615
RIOK2	0.421
RGMB	0.866
SLCO4C1	0.0087
NUDT12	0.916
FBXL17	0.0147
FER	0.167
MAN2A1	0.142
TMEM232	0.0537
WDR36	0.256
EPB41L4A	0.282
SRP19	0.991
REEP5	0.907
YTHDC2	0.384
TRIM36	0.103
PGGT1B	0.662
CCDC112	0.0463
TICAM2	0.0546
COMMD10	0.181
DTWD2	0.363
HSD17B4	0.851
PRR16	0.581
SNCAIP	0.48
SNX24	0.987
CSNK1G3	0.134
ALDH7A1	0.487
C5orf63	0.17
FLJ33630	0.603
SLC12A2	0.656
FBN2	0.87
SLC27A6	0.468
ADAMTS19	0.934
RAPGEF6	0.793
ACSL6	0.0132
PDLIM4	0.6
LOC553103	0.225
C5orf56	0.467
KIF3A	0.749
GDF9	0.0089
UQCRQ	0.183
PPP2CA	0.18
SAR1B	0.63
CAMLG	0.117
SLC25A48	0.25
LOC389332	0.647
NME5	0.633
FAM53C	4.3e-4
REEP2	0.0137
CTNNA1	0.161
LRRTM2	0.344
SIL1	0.36
SPATA24	0.838
DNAJC18	0.211
NRG2	0.00438
SRA1	0.15
CD14	0.139
NDUFA2	3.25e-4
IK	0.0516
WDR55	0.135
ZMAT2	2.74e-4
PCDHA2	3.03e-4
PCDHA4	0.459
PCDHA6	0.0241
PCDHA7	0.00173
PCDHA8	0.00109
PCDHA9	0.00128
PCDHA10	0.737
PCDHA11	1.17e-6
PCDHA12	3.26e-5
PCDHA13	6.36e-7
PCDHAC1	0.358
PCDHB2	0.438
PCDHB3	0.214
PCDHB4	0.0482
PCDHB5	2.41e-5
PCDHB17	0.682
PCDHB7	2.04e-5
PCDHB8	0.664
PCDHB16	0.00167
PCDHB9	6.12e-5
PCDHB10	6.11e-6
PCDHB11	0.759
PCDHB13	0.00564
PCDHB19P	4.44e-4
PCDHB15	5.66e-8
PCDHGA1	0.951
PCDHGA2	0.359
PCDHGA3	0.00712
PCDHGB1	0.267
PCDHGB2	0.0318
PCDHGA6	0.881
PCDHGB4	0.803
PCDHGB7	0.117
FCHSD1	0.11
ARAP3	0.192
FGF1	0.495
YIPF5	0.0589
PRELID2	0.0437
LARS	0.0125
FBXO38	0.0844
HTR4	0.0929
ABLIM3	0.0989
GRPEL2	0.33
PCYOX1L	0.33
ARHGEF37	0.0885
TIGD6	0.165
HMGXB3	0.308
SLC6A7	0.838
RPS14	0.185
MYOZ3	0.501
ZNF300P1	0.0496
GPX3	0.539
TNIP1	0.139
ANXA6	0.781
CCDC69	0.309
GM2A	0.0798
SLC36A1	0.135
FAT2	0.206
SPARC	0.548
G3BP1	0.997
GRIA1	0.00824
FAM114A2	0.145
MFAP3	0.322
GALNT10	0.393
LARP1	0.983
CNOT8	0.323
MRPL22	0.256
SGCD	0.0704
HAVCR1	0.454
ADAM19	0.121
THG1L	0.222
ADRA1B	0.00563
SLU7	0.801
ATP10B	0.634
GABRA6	8.46e-5
GABRA1	0.0113
CCNG1	0.61
RARS	0.425
FBLL1	0.627
KCNIP1	0.667
RANBP17	0.255
STK10	0.539
UBTD2	0.297
SH3PXD2B	0.18
LOC100268168	0.935
BNIP1	0.797
LOC100507387	0.0222
LOC643201	0.222
ARL10	0.484
NOP16	0.442
SNCB	0.0165
TSPAN17	0.311
UIMC1	0.648
FGFR4	0.398
RAB24	0.458
RGS14	0.741
FAM193B	0.569
LOC202181	0.752
FAM153A	0.567
LOC728554	0.226
FAM153C	0.573
N4BP3	0.0671
AGXT2L2	0.216
COL23A1	0.803
AACSP1	0.0989
ZNF354B	0.643
ZFP2	0.138
ZNF454	0.979
CANX	0.501
SQSTM1	0.0918
C5orf45	0.0623
TBC1D9B	0.451
RASGEF1C	0.539
GFPT2	0.774
ZFP62	0.472
BTNL9	0.921
ZNF718	0.997
ZNF876P	0.865
ZNF732	0.265
ZNF141	0.604
ABCA11P	0.5
ZNF721	0.24
PIGG	0.0116
MFSD7	0.121
PCGF3	0.0653
DGKQ	0.931
SLC26A1	0.145
IDUA	0.278
FGFRL1	0.604
RNF212	0.259
SPON2	0.322
LOC100130872	0.0154
CRIPAK	0.963
FAM53A	0.264
TMEM129	0.651
TACC3	0.329
POLN	0.0216
MXD4	0.0507
RNF4	0.0293
TNIP2	0.333
GRK4	0.434
RGS12	0.0116
DOK7	0.375
LRPAP1	0.458
ADRA2C	0.985
TMEM128	0.312
LOC100507266	0.106
WFS1	0.193
MAN2B2	0.00777
SORCS2	0.586
SH3TC1	0.762
ACOX3	0.519
DRD5	0.224
SLC2A9	0.918
WDR1	0.825
LOC152742	0.358
C1QTNF7	0.893
FAM200B	0.466
CD38	0.448
PROM1	0.807
LAP3	0.378
MED28	0.21
FAM184B	0.151
SLIT2	0.813
PACRGL	0.391
GPR125	0.88
CCDC149	0.51
LGI2	0.481
SEPSECS	0.477
LOC285540	0.683
ZCCHC4	0.426
ANAPC4	0.566
SEL1L3	0.512
RBPJ	0.658
KIAA1239	0.771
RELL1	0.483
PGM2	0.586
TBC1D1	0.0805
FLJ13197	0.86
TLR1	0.53
TLR6	0.839
FAM114A1	0.627
KLHL5	0.473
RFC1	0.0764
KLB	0.036
RPL9	0.0133
LIAS	0.256
LOC401127	0.304
UGDH	0.299
PDS5A	0.85
RBM47	0.2
UCHL1	0.135
SLC30A9	0.0485
BEND4	0.129
KCTD8	0.369
YIPF7	0.825
GUF1	0.932
GNPDA2	0.74
GABRA2	0.0127
GABRA4	0.154
ATP10D	0.474
CORIN	0.546
NIPAL1	0.00887
TXK	0.886
TEC	0.476
SLC10A4	0.0173
OCIAD1	0.311
SGCB	0.754
USP46	0.583
RASL11B	0.744
SRD5A3	0.821
TMEM165	0.401
CEP135	0.638
KIAA1211	0.48
AASDH	0.461
PPAT	0.777
POLR2B	0.525
IGFBP7	0.232
LOC401134	0.105
EPHA5	0.905
CENPC1	0.663
LOC550112	0.8
GNRHR	0.84
TMPRSS11D	0.756
TMPRSS11A	0.793
SYT14L	0.702
YTHDC1	0.676
SLC4A4	0.173
ADAMTS3	0.485
RCHY1	0.508
CDKL2	0.142
G3BP2	0.286
USO1	0.192
NAAA	0.496
ART3	0.956
SCARB2	0.12
FAM47E	0.37
CCDC158	0.525
11-Sep	0.081
MRPL1	0.318
FRAS1	0.742
ANXA3	0.544
PAQR3	0.689
ANTXR2	0.772
PRDM8	0.174
FGF5	0.626
C4orf22	0.626
BMP3	0.183
PRKG2	0.619
TMEM150C	0.827
SCD5	0.956
LIN54	0.282
PLAC8	0.912
HPSE	0.352
MRPS18C	0.183
FAM175A	0.113
ARHGAP24	4.07e-5
PTPN13	0.927
LOC100506746	0.5
HSD17B13	0.498
HSD17B11	0.739
SPARCL1	0.927
MEPE	0.817
PKD2	0.587
HERC6	0.363
TIGD2	0.188
GPRIN3	0.692
SNCA	0.0311
MMRN1	0.731
PDLIM5	0.904
BMPR1B	0.00473
RAP1GDS1	0.433
ADH5	0.382
LOC100507053	0.923
LAMTOR3	0.00383
DDIT4L	0.222
FLJ20021	0.0596
SLC39A8	0.181
MANBA	0.986
CISD2	0.747
SLC9B1	0.156
BDH2	0.149
CENPE	0.546
TACR3	0.387
PPA2	0.0323
INTS12	0.573
TBCK	0.479
CYP2U1	0.385
COL25A1	0.683
PLA2G12A	0.0467
GAR1	0.812
RRH	0.24
LRIT3	0.276
TIFA	0.867
ALPK1	0.96
C4orf21	0.71
LARP7	0.112
ARSJ	0.871
SNHG8	0.857
PRSS12	0.0904
METTL14	0.901
MYOZ2	0.648
USP53	0.841
LOC645513	0.546
PDE5A	0.786
QRFPR	0.672
ANXA5	0.0344
TMEM155	0.804
EXOSC9	0.775
BBS7	0.684
KIAA1109	2.74e-4
CETN4P	0.27
BBS12	0.125
NUDT6	0.072
SPATA5	0.15
FAT4	0.901
HSPA4L	0.133
MFSD8	0.353
LARP1B	0.167
C4orf33	3.45e-5
CLGN	0.493
ELMOD2	0.781
GAB1	0.0101
FREM3	0.315
GYPE	0.381
GYPA	0.404
OTUD4	0.201
MMAA	0.827
LSM6	0.0223
DCLK2	0.545
SH3D19	0.0445
FAM160A1	0.32
PET112	0.0122
TIGD4	0.49
ARFIP1	0.771
FHDC1	0.87
TRIM2	0.358
RNF175	0.115
DCHS2	0.209
NPY2R	0.65
MAP9	0.00295
GUCY1A3	0.302
TDO2	0.869
CTSO	0.276
GLRB	0.991
FAM198B	0.00235
RXFP1	0.387
ETFDH	0.819
1-Mar	0.472
TRIM61	0.234
TMEM192	0.128
TLL1	0.662
DDX60L	0.559
CBR4	0.203
SH3RF1	0.00299
NEK1	0.803
CLCN3	0.0686
C4orf27	0.899
MFAP3L	0.164
AADAT	0.483
GALNTL6	0.3
SCRG1	0.00626
CEP44	0.819
HPGD	0.14
GLRA3	0.014
ASB5	0.869
AGA	0.958
DCTD	0.423
RWDD4	0.109
ENPP6	0.511
CCDC111	0.00484
KIAA1430	0.953
SNX25	0.611
LRP2BP	0.618
UFSP2	0.672
CCDC110	0.594
SORBS2	0.134
FAM149A	0.71
CYP4V2	0.771
KLKB1	0.99
LOC285441	0.565
FAT1	0.313
FRG1	0.232
CHL1	0.215
CNTN4	8.32e-4
CRBN	0.146
SUMF1	0.206
GRM7	0.277
OXTR	0.865
THUMPD3	0.503
TTLL3	0.25
RPUSD3	0.385
JAGN1	0.174
IL17RC	0.453
BRK1	0.618
VHL	0.338
IRAK2	0.199
TATDN2	0.236
GHRLOS	0.261
ATG7	0.301
VGLL4	0.381
TAMM41	0.048
TIMP4	0.0588
MKRN2	0.0183
WNT7A	0.71
TMEM43	0.9
SLC6A6	0.464
C3orf20	0.566
OXNAD1	0.169
RFTN1	0.269
EFHB	0.0413
KAT2B	0.224
TOP2B	0.0727
NEK10	0.0263
SLC4A7	0.32
ZCWPW2	0.704
RBMS3	0.0552
GPD1L	0.987
GLB1	0.308
CRTAP	0.77
SUSD5	0.812
PDCD6IP	0.834
DCLK3	9.49e-7
TRANK1	2.6e-5
EPM2AIP1	0.0172
LRRFIP2	1.6e-6
ITGA9	0.0436
VILL	0.265
PLCD1	0.0569
ACAA1	0.485
ACVR2B	0.29
SCN11A	0.98
WDR48	0.652
TTC21A	0.262
RPSA	0.781
ENTPD3-AS1	0.0538
RPL14	0.289
ULK4	0.632
TRAK1	0.546
VIPR1	0.575
HHATL	0.448
CCDC13	0.927
HIGD1A	0.492
FAM198A	0.888
ANO10	0.0677
ZNF445	2.48e-5
ZNF197	2.79e-6
ZNF502	0.00102
ZNF501	0.0104
KIF15	0.39
LARS2	0.849
LTF	0.194
LRRC2	0.67
ALS2CL	0.739
NBEAL2	0.296
KIF9	0.714
SCAP	0.178
CDC25A	0.203
ZNF589	0.546
NME6	0.27
FBXW12	0.0413
TREX1	0.522
SHISA5	0.288
NCKIPSD	0.0786
P4HTM	0.157
WDR6	0.186
DALRD3	0.0513
C3orf62	0.529
GPX1	0.251
RHOA	0.00632
NICN1	0.218
MST1	0.279
RNF123	0.31
GMPPB	0.00965
MST1R	0.813
RBM6	0.931
HYAL3	0.116
NAT6	0.131
C3orf18	0.025
HEMK1	0.0299
PPM1M	0.128
DNAH1	0.0166
BAP1	0.938
NISCH	0.782
NT5DC2	0.154
PBRM1	0.887
GNL3	0.00433
GLT8D1	2.84e-10
NEK4	3.31e-11
ITIH4	1.94e-4
TMEM110	1.6e-6
SFMBT1	3.78e-6
RFT1	0.0803
PRKCD	0.586
TKT	0.136
CHDH	0.102
IL17RB	0.715
ACTR8	0.192
WNT5A	0.608
ERC2	0.431
CCDC66	0.114
DNAH12	0.355
FLNB	0.313
ABHD6	0.407
RPP14	0.0893
PXK	0.956
PDHB	0.3
KCTD6	0.0143
C3orf67	0.743
THOC7	0.00591
ADAMTS9-AS2	0.645
SLC25A26	0.852
SUCLG2	0.0278
ARL6IP5	0.753
LMOD3	0.643
EIF4E3	0.0253
SHQ1	0.925
FAM86DP	0.612
LOC401074	0.238
ROBO1	0.576
HTR1F	0.668
CGGBP1	0.664
C3orf38	0.575
EPHA3	0.865
PROS1	0.333
DHFRL1	0.0555
MINA	0.125
ST3GAL6	0.497
FILIP1L	0.81
NIT2	0.0409
LNP1	0.963
TMEM45A	0.141
ABI3BP	0.00988
IMPG2	0.992
SENP7	0.228
NFKBIZ	0.105
IFT57	0.00101
DZIP3	0.0234
C3orf52	0.0278
CD200	0.851
BOC	0.326
WDR52	0.948
SPICE1	0.524
SIDT1	0.795
NAA50	0.748
GRAMD1C	0.616
QTRTD1	0.721
GAP43	0.139
LSAMP	0.147
B4GALT4	0.999
TMEM39A	0.693
POGLUT1	0.605
TIMMDC1	0.269
ADPRH	0.103
COX17	0.815
FSTL1	0.372
STXBP5L	0.133
FBXO40	0.577
GOLGB1	0.871
IQCB1	0.401
SLC15A2	0.179
PARP14	0.595
LOC100129550	0.523
SEMA5B	0.458
UMPS	0.221
ITGB5	0.693
SLC12A8	0.546
SNX4	0.101
OSBPL11	0.757
ALG1L	0.441
SLC41A3	0.33
ZXDC	0.287
TXNRD3	0.969
CHCHD6	0.503
MGLL	0.432
KBTBD12	0.784
RUVBL1	0.262
EEFSEC	0.0711
RPN1	0.691
ACAD9	0.0534
RPL32P3	0.998
IFT122	0.0937
PLXND1	0.681
TMCC1	0.978
LOC100507032	0.424
COL6A4P2	0.0167
ATP2C1	0.949
ASTE1	0.54
CPNE4	0.975
ACPP	0.365
DNAJC13	0.311
NPHP3-ACAD11	0.118
NPHP3	0.9
SRPRB	0.621
RYK	0.971
ANAPC13	0.02
CEP63	0.348
KY	0.00986
PPP2R3A	0.212
PCCB	0.672
NCK1	0.00171
CLDN18	0.722
DZIP1L	0.772
ESYT3	0.386
FAIM	0.615
MRPS22	0.0402
RBP1	0.959
NMNAT3	0.476
SPSB4	0.52
ACPL2	0.662
RASA2	0.439
ATP1B3	0.0282
ATR	0.875
PLS1	0.0242
PCOLCE2	0.942
LOC100289361	0.989
U2SURP	0.414
CHST2	0.464
PLOD2	0.976
PLSCR4	0.71
PLSCR1	0.0325
ZIC4	0.819
HLTF	0.407
COMMD2	0.36
LOC646903	0.5
SERP1	0.978
EIF2A	0.587
MED12L	0.504
IGSF10	0.718
MBNL1	0.863
RAP2B	0.016
ARHGEF26-AS1	0.629
DHX36	0.841
PLCH1	0.197
SLC33A1	0.0142
KCNAB1	0.0639
SSR3	0.0336
LEKR1	0.0814
PTX3	0.714
RSRC1	0.847
MLF1	0.732
GFM1	0.895
LXN	0.858
RARRES1	0.871
MFSD1	0.336
SCHIP1	0.705
IL12A	0.337
IFT80	0.587
SMC4	0.707
TRIM59	0.471
KPNA4	0.434
NMD3	0.664
BCHE	0.00624
ZBBX	0.849
SERPINI2	0.563
WDR49	0.11
GOLIM4	0.141
LRRC34	0.0333
LOC100128164	0.152
SKIL	0.225
PLD1	0.133
FNDC3B	0.233
NCEH1	0.00537
ZNF639	0.573
MFN1	0.239
GNB4	0.122
USP13	0.511
PEX5L	0.0656
TTC14	0.406
MCCC1	0.0749
MCF2L2	0.688
KLHL24	0.394
ABCC5	0.943
ABCF3	1.01e-5
VWA5B2	4.82e-5
ECE2	0.559
PSMD2	0.0629
CHRD	0.771
VPS8	0.0876
C3orf70	0.697
SENP2	0.498
TBCCD1	0.677
DNAJB11	0.142
KNG1	0.445
RTP4	0.223
CLDN16	0.362
IL1RAP	0.832
CCDC50	0.495
HRASLS	0.0946
ATP13A4	0.0963
OPA1	0.919
TMEM44	0.651
LSG1	0.121
ACAP2	0.00977
SDHAP2	0.147
MUC20	0.0505
SDHAP1	0.0211
TCTEX1D2	0.359
CEP19	0.771
PIGX	0.594
NCBP2	0.23
PIGZ	0.536
BDH1	0.376
LOC220729	0.557
LRCH3	0.379
IQCG	0.521
CECR7	0.486
IL17RA	0.366
CECR1	0.04
BCL2L13	0.0173
BID	0.56
TUBA8	0.455
DGCR6	0.936
PRODH	0.394
DGCR5	0.813
DGCR9	0.567
DGCR10	0.236
DGCR2	0.268
DGCR11	0.642
DGCR14	0.196
SLC25A1	0.773
CLTCL1	0.0448
GNB1L	0.958
C22orf29	0.926
TXNRD2	0.658
ARVCF	0.252
DGCR8	0.0483
SNAP29	0.366
CRKL	0.508
LZTR1	0.361
P2RX6	0.974
UBE2L3	0.951
YPEL1	0.642
TOP3B	0.0038
LOC96610	0.942
GNAZ	0.997
RAB36	0.447
BCR	0.833
ZDHHC8P1	0.649
GUSBP11	0.181
CHCHD10	0.521
SLC2A11	0.46
DDTL	0.00202
DDT	0.0677
CABIN1	0.823
SPECC1L	0.885
KIAA1671	0.498
SEZ6L	0.245
HPS4	0.205
PITPNB	0.167
TTC28-AS1	0.258
CCDC117	0.635
KREMEN1	0.04
RHBDD3	0.272
GAS2L1	0.0891
THOC5	0.166
NIPSNAP1	0.149
CABP7	0.23
MTMR3	0.422
CCDC157	0.169
RNF215	0.89
SEC14L2	0.739
MTFP1	0.685
SEC14L6	0.852
OSBP2	0.811
SMTN	0.946
RNF185	0.701
LIMK2	4.39e-5
PIK3IP1	0.0108
SFI1	0.0777
PISD	0.00618
DEPDC5	0.0257
YWHAH	0.262
RFPL2	0.328
SLC5A4	0.324
FBXO7	0.461
SYN3	0.929
TOM1	0.897
APOL3	0.785
APOL2	0.935
MYH9	0.299
FOXRED2	0.973
IFT27	0.747
PVALB	0.633
TST	0.416
C1QTNF6	0.922
MFNG	0.211
CARD10	0.255
TRIOBP	0.823
MICALL1	0.638
POLR2F	0.955
BAIAP2L2	0.388
KCNJ4	0.0063
DDX17	0.0603
CBY1	0.0248
TOMM22	0.00585
JOSD1	0.00895
APOBEC3F	0.124
APOBEC3G	0.126
CBX7	0.406
LOC100506472	0.14
MGAT3	0.656
ATF4	0.745
ADSL	0.607
MCHR1	6.42e-8
SLC25A17	1.58e-4
XPNPEP3	2.22e-5
EP300	0.224
CHADL	0.899
TOB2	0.962
POLR3H	0.819
CSDC2	0.592
NHP2L1	0.994
MEI1	0.781
CCDC134	0.341
WBP2NL	0.205
NAGA	0.0797
FAM109B	0.0261
NDUFA6	0.104
RRP7A	0.15
SERHL2	0.315
RRP7B	0.335
POLDIP3	0.0353
A4GALT	0.165
ARFGAP3	5.03e-5
PACSIN2	8.57e-7
TTLL1	5.54e-4
MCAT	0.796
TTLL12	0.534
SCUBE1	0.247
EFCAB6	0.965
SULT4A1	0.687
PNPLA5	0.776
SAMM50	0.144
KIAA1644	0.853
LDOC1L	0.657
LOC100506714	0.307
NUP50	0.00732
KIAA0930	0.428
FAM118A	0.729
SMC1B	0.361
RIBC2	0.782
PKDREJ	0.552
TTC38	0.839
TRMU	0.517
CERK	0.433
LOC100128946	0.541
C22orf34	0.102
ALG12	0.353
CRELD2	0.0192
MLC1	0.477
MOV10L1	0.0529
TRABD	0.0169
SELO	0.661
TUBGCP6	0.691
MAPK12	0.908
MAPK11	0.0507
PPP6R2	0.375
SCO2	0.571
CPT1B	0.0361
CHKB	0.0893
ARSA	0.47
RPL23AP82	0.788
NRIP1	0.845393
MIR155HG	0.864797
MRPL39	0.829902
JAM2	0.779144
N6AMT1	0.251608
RWDD2B	0.406352
USP16	0.689893
CCT8	0.073984
URB1	0.050815
C21orf119	0.431282
TCP10L	0.044891
C21orf49	0.050026
IFNAR2	0.111685
IL10RB	0.510634
DNAJC28	0.089131
ATP5O	0.254286
SETD4	0.208684
CBR1	0.628181
CBR3	0.145946
DOPEY2	0.001029
HLCS	0.566426
PIGP	0.976067
TTC3	0.909238
PSMG1	0.161919
BRWD1	0.163821
HMGN1	0.703735
WRB	0.274533
LCA5L	0.918896
SH3BGR	0.821089
B3GALT5	0.453255
BACE2	0.372215
PLAC4	0.331548
MX1	0.544257
PRDM15	0.358661
C2CD2	0.828292
C21orf128	0.69063
ABCG1	0.070762
RSPH1	0.367057
SLC37A1	0.090956
PDE9A	0.410925
NDUFV3	0.061638
PKNOX1	0.417665
CBS	0.478224
RRP1B	0.220744
RRP1	0.211665
AGPAT3	0.072434
PWP2	0.506331
PFKL	0.962818
C21orf2	0.785105
UBE2G2	0.007262
C21orf67	0.04668
ADARB1	0.281927
LOC642852	0.007253
COL6A1	0.087897
COL6A2	0.785713
FTCD	0.069287
LSS	0.003583
MCM3AP	0.004228
YBEY	8.05e-4
PCNT	0.035133
S100B	0.069167
TRIB3	0.513
RBCK1	0.745
SRXN1	0.492
PSMF1	0.313
SNPH	0.95
NSFL1C	0.309
SIRPB2	0.994
PDYN	0.648
ZNF343	0.959
NOP56	0.0634
VPS16	0.198
UBOX5	0.273
FASTKD5	0.303
DDRGK1	0.493
ITPA	0.266
SLC4A11	0.302
C20orf194	0.00484
ATRN	0.75
SPEF1	1.5e-4
CDC25B	0.403
PANK2	0.00397
RNF24	0.0143
ADRA1D	0.0611
CDS2	0.721
PROKR2	0.364
C20orf196	0.967
MCM8	0.799
TMX4	0.117
MKKS	0.0889
KIF16B	0.674
SNRPB2	0.0757
CSRP2BP	0.514
POLR3F	0.364
RBBP9	0.153
SEC23B	0.493
DTD1	0.483
LOC100270804	0.855
RIN2	0.815
C20orf26	0.981
INSM1	0.513
PLK1S1	0.159
CD93	0.956
GZF1	0.697
NAPB	0.803
CST3	0.359
FLJ33581	0.307
VSX1	0.95
LOC284798	0.0949
ENTPD6	0.229
PYGB	0.373
ABHD12	0.764
GINS1	0.248
NINL	0.771
FAM182B	0.884
FAM182A	0.448
FRG1B	0.0222
KIF3B	0.464
C20orf203	0.697
COMMD7	0.4
DNMT3B	0.15
E2F1	0.617
CHMP4B	0.702
MAP1LC3A	0.203
GSS	0.355
EDEM2	0.00447
PROCR	0.514
MMP24	0.0606
UQCC	0.121
CEP250	0.175
CPNE1	0.0858
RBL1	0.275
VSTM2L	4.89e-4
RPRD1B	0.0771
ACTR5	0.055
FAM83D	0.00927
DHX35	0.569
LPIN3	0.803
IFT52	0.596
JPH2	0.104
HNF4A	0.817
SERINC3	0.452
ADA	0.844
RIMS4	0.325
PABPC1L	0.0564
TOMM34	0.108
KCNS1	0.0226
SYS1	0.717
WFDC2	0.0213
DNTTIP1	0.521
ACOT8	0.468
PLTP	0.727
CD40	0.00228
MKRN7P	0.545
ZNF334	0.545
SLC13A3	0.848
ARFGEF2	0.894
CSE1L	0.00717
STAU1	0.00219
DDX27	0.00575
B4GALT5	0.903
SLC9A8	0.0462
LOC284751	0.0618
PARD6B	0.492
BCAS4	0.111
CYP24A1	0.865
TFAP2C	0.167
BMP7	0.788
VAPB	0.471
CTSZ	0.18
SLMO2	0.0405
CDH4	0.441
OSBPL2	8.04e-6
LAMA5	6.53e-4
CABLES2	0.135
NTSR1	0.608
TCFL5	0.578
DIDO1	0.145
HAR1A	0.421
NKAIN4	0.171
FLJ16779	0.796
CHRNA4	0.205
EEF1A2	0.405
STMN3	0.307
ARFRP1	0.0427
LIME1	0.439
ZBTB46	0.434
TPD52L2	0.0231
PCMTD2	0.731
FAM110C	0.904
SH3YL1	0.0377
SNTG2	0.949
PXDN	0.0875
ADI1	0.981
LOC100506054	0.854
COLEC11	0.885
LOC150622	0.738
LOC339788	0.183
KIDINS220	0.27
IAH1	0.364
ADAM17	0.5
TAF1B	0.00834
NOL10	0.0867
ATP6V1C2	0.056
FLJ33534	0.447
C2orf50	0.0209
E2F6	0.0494
GREB1	0.708
LPIN1	0.596
NBAS	0.845
RAD51AP2	0.897
VSNL1	0.751
SMC6	0.805
GEN1	0.859
TTC32	0.222
WDR35	0.744
HS1BP3	0.656
C2orf43	0.561
APOB	0.00943
UBXN2A	0.212
TP53I3	0.876
NCOA1	0.805
CENPO	0.338
ADCY3	0.355
DNAJC27	0.645
POMC	0.974
HADHB	0.0989
DPYSL5	0.0108
MAPRE3	0.0715
CGREF1	0.0133
GTF3C2	0.156
PPM1G	0.434
IFT172	0.31
C2orf16	0.645
SUPT7L	0.0592
SLC4A1AP	0.809
PPP1CB	0.152
TRMT61B	0.107
FAM179A	0.697
C2orf71	0.884
ALK	0.0994
LBH	0.521
LCLAT1	0.085
EHD3	0.193
SLC30A6	0.387
TTC27	0.134
LTBP1	0.658
RASGRP3	0.216
LOC100288911	0.766
FEZ2	0.609
LOC100505876	0.00478
CEBPZ	0.0433
PRKD3	0.0175
QPCT	0.0305
CDC42EP3	0.373
CYP1B1-AS1	0.373
ATL2	0.298
GALM	0.0746
ARHGEF33	0.92
LOC728730	0.436
PKDCC	0.888
EML4	0.604
COX7A2L	0.0806
PLEKHH2	0.62
DYNC2LI1	0.841
LRPPRC	0.881
SRBD1	0.707
ATP6V1E2	0.954
CRIPT	0.392
SOCS5	0.512
MCFD2	0.597
EPCAM	0.701
FOXN2	0.394
STON1	0.0926
PSME4	0.252
ACYP2	0.544
C2orf73	0.0763
EML6	0.886
EFEMP1	0.999
CCDC85A	0.527
VRK2	3.46e-4
FANCL	0.036
PUS10	0.874
KIAA1841	0.795
LOC339803	0.113
C2orf74	0.446
AHSA2	0.418
XPO1	0.83
TMEM17	0.644
SLC1A4	0.082
CEP68	0.398
ACTR2	0.0255
MEIS1	0.0362
ETAA1	0.358
C1D	0.37
WDR92	0.528
PNO1	0.029
CNRIP1	0.509
ARHGAP25	0.156
GMCL1	0.173
SNRNP27	0.0749
ASPRV1	0.782
C2orf42	0.0914
TGFA	0.975
MPHOSPH10	0.529
ZNF638	0.609
CYP26B1	0.121
SFXN5	0.0151
PRADC1	0.0085
CCT7	0.733
FBXO41	0.167
ALMS1	1.54e-5
NAT8	2.56e-5
ALMS1P	4.74e-5
TPRKB	1.17e-4
SLC4A5	0.114
CCDC142	0.742
MRPL53	0.212
SEMA4F	0.00486
MRPL19	0.59
SUCLG1	0.29
DNAH6	0.315
RETSAT	0.895
CAPG	0.576
LOC100630918	0.282
RNF181	0.378
LOC90784	0.0659
POLR1A	0.0545
IMMT	0.312
MRPL35	0.312
REEP1	0.109
KDM3A	0.367
CD8A	0.0729
LOC285074	0.647
THNSL2	0.896
EIF2AK3	0.911
ANKRD36BP2	0.977
ANKRD20A8P	0.691
ZNF514	0.95
PROM2	0.145
KCNIP3	0.127
GPAT2	0.0181
ITPRIPL1	2.69e-5
FAHD2B	0.00567
ANKRD36	0.256
LOC100506123	0.0538
ANKRD36B	0.226
LOC728537	0.453
CNGA3	0.0103
UNC50	0.145
MGAT4A	0.222
TSGA10	0.262
LIPT1	0.275
MITD1	0.346
LYG1	0.682
REV1	0.495
AFF3	0.523
CHST10	0.506
TBC1D8	0.261
RNF149	0.0987
CREG2	0.506
RFX8	0.979
IL1R1	0.98
IL1RL2	0.434
IL18R1	0.991
SLC9A2	0.896
LOC284998	0.172
MRPS9	0.472
C2orf40	0.83
ST6GAL2	0.575
SULT1C4	0.377
GCC2	0.656
LIMS1	0.638
RANBP2	0.327
SH3RF3	0.00704
10-Sep	0.0183
MALL	0.0705
LOC151009	0.87
BCL2L11	0.0299
MERTK	0.288
TMEM87B	0.00353
FBLN7	0.26
ZC3H8	0.556
POLR1B	0.151
CHCHD5	0.15
PSD4	0.277
LOC654433	0.516
WASH2P	0.346
DDX11L2	0.13
RPL23AP7	0.503
DPP10	0.935
LOC389023	0.297
DDX18	0.146
CCDC93	0.0372
STEAP3	0.74
EPB41L5	0.198
CYP27C1	0.734
ERCC3	0.761
MAP3K2	0.974
POLR2D	0.494
LOC100131320	0.595
RAB6C	0.575
CCDC74B	0.609
CCDC115	0.536
ARHGEF4	0.00596
WTH3DI	0.134
TUBA3D	0.854
MZT2A	0.688
LOC150776	0.291
CCDC74A	0.347
ANKRD30BL	0.54
LYPD1	0.189
TMEM163	0.853
LOC100129961	0.0133
CCNT2	0.0109
MCM6	0.862
GTDC1	0.161
ORC4	0.939
LYPD6	0.925
RBM43	0.798
TNFAIP6	0.94
RIF1	0.104
NEB	0.927
STAM2	0.658
PRPF40A	0.0899
RPRM	0.234
GALNT13	0.333
CCDC148	0.891
PKP4	0.695
WDSUB1	0.116
LY75	0.576
DPP4	0.0252
FAP	0.977
GRB14	0.109
COBLL1	0.523
SLC38A11	0.414
GALNT3	0.491
SCN9A	0.00628
SCN7A	0.427
B3GALT1	0.00103
STK39	0.998
NOSTRIN	0.79
LRP2	0.147
BBS5	0.0199
FASTKD1	4.82e-6
METTL8	0.565
DCAF17	0.599
CYBRD1	0.813
METAP1D	0.0708
ITGA6	0.849
SP3	0.0476
OLA1	2.4e-5
SCRN3	0.525
WIPF1	0.262
CHRNA1	0.655
ATP5G3	0.799
KIAA1715	0.0614
LOC375295	0.468
LOC100130691	0.36
TTC30A	0.847
RBM45	0.658
TTN	0.209
CCDC141	0.643
SESTD1	0.432
ITGA4	0.0738
CERKL	0.00358
PDE1A	0.515
DNAJC10	0.00262
DUSP19	0.413
NUP35	0.0227
FSIP2	0.892
ITGAV	0.35
FAM171B	0.44
ZSWIM2	0.47
COL5A2	0.611
WDR75	0.958
SLC40A1	0.786
ASNSD1	0.528
ANKAR	0.105
ORMDL1	0.461
PMS1	0.819
HIBCH	0.48
INPP1	0.305
MFSD6	0.0669
NAB1	0.157
STAT4	0.161
DNAH7	0.00242
ANKRD44	0.471
SF3B1	1.62e-5
HSPD1	4.8e-4
PLCL1	0.227
SATB2	0.936
TYW5	0.779
C2orf47	0.00136
SGOL2	0.155
LOC100507140	1.02e-5
PPIL3	0.3
TRAK2	0.875
TMEM237	0.123
MPP4	0.172
ALS2	0.182
NOP58	0.33
FAM117B	0.089
ICA1L	0.00844
ALS2CR8	0.0296
NBEAL1	0.0104
ABI2	0.657
RAPH1	0.974
PARD3B	0.934
NRP2	0.49
INO80D	0.00105
NDUFS1	0.138
ZDBF2	0.0564
LOC200726	0.628
MDH1B	0.538
CREB1	0.00316
METTL21A	5.8e-4
PLEKHM3	0.0625
C2orf80	0.185
PTH2R	0.556
LANCL1	0.474
CPS1	0.128
BARD1	0.9
ABCA12	0.113
ATIC	0.413
XRCC5	0.0265
PKI55	0.39
SMARCAL1	0.0113
IGFBP2	1.74e-4
TNS1	0.222
PLCD4	0.852
NHEJ1	0.236
CNPPD1	0.714
DNAJB2	0.752
PTPRN	0.272
EPHA4	0.253
SGPP2	0.814
FARSB	0.675
KCNE4	0.933
MRPL44	0.563
FAM124B	0.429
CUL3	0.154
MFF	0.306
SLC19A3	0.113
SPHKAP	0.00152
FBXO36	0.454
SP110	0.768
SP140L	0.743
ITM2C	0.929
LOC151484	0.951
GPR55	0.749
C2orf72	0.893
TIGD1	0.894
EFHD1	0.392
GIGYF2	0.448
C2orf82	0.909
ATG16L1	0.537
USP40	0.365
MSL3P1	0.279
IQCA1	0.658
RAB17	0.293
LRRFIP1	0.17
RBM44	0.436
LOC151174	0.972
HES6	0.00111
TRAF3IP1	0.0621
NDUFA10	0.0848
ANKMY1	0.895
CAPN10	0.172
GPR35	0.184
MTERFD2	0.324
PPP1R7	0.312
ANO7	0.935
HDLBP	0.773
2-Sep	0.67
FARP2	0.831
ING5	0.0364
D2HGDH	0.0343
LOC728323	0.563
PPAP2C	0.705
SHC2	0.487
MADCAM1	0.638
POLRMT	0.368
RNF126	0.776
PALM	0.742
CFD	0.518
WDR18	0.118
CNN2	0.0587
POLR2E	0.784
GPX4	0.425
MUM1	0.453
REEP6	0.936
REXO1	0.869
BTBD2	0.916
DOT1L	0.499
AMH	0.413
TIMM13	0.671
DIRAS1	9.81e-4
THOP1	0.0267
TLE2	0.611
GNA15	0.14
NCLN	0.146
DOHH	0.0884
MRPL54	0.11
ZFR2	0.508
SIRT6	0.737
CCDC94	0.442
SHD	0.39
STAP2	0.538
CHAF1A	0.116
UBXN6	0.00182
TICAM1	0.836
PLIN3	0.246
LONP1	0.912
DUS3L	0.109
CAPS	0.549
RFX2	0.677
CLPP	0.842
SLC25A41	0.0398
SLC25A23	0.0507
GPR108	0.574
EMR4P	0.00718
PEX11G	0.167
XAB2	0.783
CLEC4GP1	0.293
FBN3	0.869
RPS28	0.122
ZNF317	0.76
ZNF559	0.725
ZNF266	0.498
LOC284385	0.149
ZNF846	0.745
OLFM2	0.434
COL5A3	0.887
S1PR2	0.912
RAVER1	0.367
ICAM3	0.248
KRI1	0.0209
CDKN2D	0.591
CARM1	0.0116
RAB3D	0.533
ZNF763	0.0889
ZNF788	0.219
ZNF709	0.717
ZNF564	0.595
MAN2B1	0.377
RTBDN	0.124
GCDH	0.859
MRI1	0.757
IL27RA	0.218
LOC113230	0.812
ZNF333	0.408
EMR2	0.624
SLC1A6	0.0945
ILVBL	0.885
AKAP8	0.251
CYP4F3	0.511
CYP4F11	0.626
AP1M1	0.18
C19orf44	0.169
NWD1	0.148
CPAMD8	0.716
OCEL1	0.308
MRPL34	0.357
GTPBP3	0.223
FCHO1	0.36
CCDC124	0.031
IL12RB1	0.495
PDE4C	0.709
KIAA1683	0.694
PGPEP1	0.0168
UBA52	0.0893
CRLF1	0.233
COPE	0.441
HOMER3	0.256
MEF2BNB	0.539
HAPLN4	1.14e-6
MAU2	0.232
GATAD2A	0.00887
ZNF14	7.18e-4
ZNF506	0.256
ZNF253	0.107
ZNF93	0.0453
ZNF682	0.00167
ZNF737	0.895
ZNF626	0.917
ZNF85	0.271
ZNF430	0.617
ZNF714	0.823
ZNF431	0.787
ZNF738	0.516
ZNF493	0.35
ZNF429	0.385
ZNF100	0.384
LOC641367	0.596
ZNF208	0.092
ZNF257	0.0912
ZNF676	0.227
ZNF98	0.685
ZNF492	0.851
ZNF99	0.685
ZNF91	0.877
ZNF681	0.922
ZNF726	0.0433
ZNF254	0.182
LOC284395	0.21
DPY19L3	0.541
PDCD5	0.733
ANKRD27	0.00118
RGS9BP	0.00817
CEP89	0.94
RHPN2	0.446
GPATCH1	0.939
WDR88	0.599
PEPD	0.636
KCTD15	0.803
KIAA0355	0.295
ZNF302	0.753
ZNF181	0.536
FXYD5	0.637
ZBTB32	0.758
IGFLR1	0.514
U2AF1L4	0.283
LIN37	0.493
APLP1	0.84
WDR62	0.935
POLR2I	0.124
COX7A1	0.636
ZFP14	0.0662
ZFP82	0.317
ZNF260	0.612
ZNF382	0.0413
ZNF567	0.0343
ZNF850	0.0786
ZNF790	0.00738
ZNF568	0.455
ZNF420	0.324
ZNF585A	0.384
ZNF585B	0.957
ZNF793	0.781
ZNF571	0.0728
ZNF781	0.0103
ZNF607	0.529
ZNF573	0.276
YIF1B	0.324
CATSPERG	0.337
RYR1	0.476
HNRNPL	0.129
RINL	0.271
NFKBIB	0.091
FBXO17	0.231
PAPL	0.0252
PAK4	0.595
SUPT5H	0.0597
FCGBP	0.837
ZNF780B	0.381
C19orf47	0.943
BLVRB	0.236
SPTBN4	0.0322
LTBP4	0.171
C19orf54	0.468
SNRPA	0.688
BCKDHA	0.182
ATP5SL	0.327
LOC100505495	0.526
RABAC1	0.531
PSG1	0.0727
LOC100289650	0.056
PHLDB3	0.937
XRCC1	0.538
KCNN4	0.971
LYPD5	0.918
ZNF283	0.0469
ZNF404	0.419
ZNF45	0.789
ZNF221	0.957
ZNF155	0.331
ZNF230	0.196
ZNF284	0.229
ZNF226	0.97
ZNF233	0.0342
ZNF229	0.0646
ZNF180	0.698
PVR	0.0264
PVRL2	0.705
CLPTM1	0.00977
GEMIN7	0.283
KLC3	0.247
CD3EAP	0.844
EML2	0.557
SYMPK	0.599
CCDC8	0.289
PNMAL1	0.0807
PNMAL2	0.0599
PRKD2	0.00542
NAPA	0.17
PLA2G4C	0.678
LIG1	0.222
CARD8	0.354
LOC100505812	0.458
CCDC114	0.745
GRWD1	0.187
KCNJ14	0.5
CYTH2	0.428
SPHK2	0.669
FUT1	0.204
HSD17B14	0.136
PPP1R15A	0.213
TULP2	0.075
NUCB1	0.821
RUVBL2	0.593
SNRNP70	0.599
LIN7B	0.993
CD37	0.325
TEAD2	0.465
ALDH16A1	0.26
RPL13A	0.0706
FCGRT	0.832
IRF3	0.00489
CPT1C	0.0416
AP2A1	0.968
FUZ	0.162
MED25	0.247
PNKP	0.0167
SIGLEC11	0.251
ASPDH	4.13e-5
ZNF175	0.76
HAS1	0.362
FPR1	0.39
ZNF577	0.112
ZNF649	0.0465
ZNF615	0.0223
ZNF841	0.182
ZNF616	0.377
ZNF610	0.056
ZNF880	0.228
ZNF528	0.928
ZNF534	0.843
ZNF578	0.696
ZNF808	0.885
ZNF701	0.363
ZNF83	0.957
ZNF611	0.582
ZNF600	0.171
ZNF28	0.462
ZNF468	0.644
ZNF320	0.594
ZNF816	0.67
ZNF702P	0.939
ZNF160	0.111
ZNF415	0.175
ZNF347	0.347
ZNF665	0.153
ZNF845	0.465
ZNF765	0.879
ZNF761	0.652
ZNF813	0.85
TFPT	0.724
RPS9	0.94
LENG9	0.519
LILRA2	0.0203
NLRP2	0.0472
RDH13	0.441
TNNT1	0.8
ZNF542	0.953
ZNF667	0.404
ZNF471	0.0119
ZNF470	0.121
MIMT1	0.409
ZNF264	0.404
AURKC	0.779
ZNF460	0.0448
ZNF543	0.582
ZNF304	0.526
ZNF17	0.737
ZNF749	0.345
VN1R1	0.576
ZNF772	0.404
ZNF419	0.0822
ZNF550	0.222
ZNF134	0.251
ZNF551	0.156
ZNF587	0.089
ZNF586	0.0493
ZNF814	0.959
ZNF417	0.906
ZNF418	0.324
LOC100128398	0.608
ZNF135	0.975
ZSCAN18	0.927
ZNF329	0.241
A1BG	0.744
ZNF497	0.739
ZNF837	0.129
RPS5	0.0696
ZNF584	0.0106
ZNF132	0.306
SLC27A5	0.681
MGC2752	0.527
USP14	0.187292
CLUL1	0.468986
C18orf56	0.636055
YES1	0.846867
METTL4	0.568114
EMILIN2	0.810369
LPIN2	0.125091
LOC339290	0.90659
LOC645355	0.18484
L3MBTL4	0.490912
ARHGAP28	0.466614
LAMA1	0.76723
ANKRD12	0.298512
TWSG1	0.113421
RALBP1	0.201427
NAPG	0.217425
CIDEA	0.540433
SLMO1	0.613194
PTPN2	0.049762
CEP192	0.458283
ZNF519	0.925614
ANKRD30B	0.099095
ROCK1	0.192364
ESCO1	0.522173
ABHD3	0.31221
MIB1	0.951563
RBBP8	0.956191
RIOK3	0.2896
C18orf8	0.225204
NPC1	0.081479
ANKRD29	0.359143
LAMA3	0.361243
CABYR	0.289602
IMPACT	0.58713
TAF4B	0.04175
CHST9	0.76613
DSC1	0.013034
DSG1	0.593015
TRAPPC8	0.29344
DTNA	0.156483
ZNF396	0.03426
GALNT1	0.381606
ELP2	0.308203
MOCOS	0.073829
FHOD3	0.879421
KIAA1328	0.654568
CELF4	0.769289
RIT2	0.004112
SYT4	1.48e-4
SLC14A1	0.712535
EPG5	0.502858
HAUS1	0.298155
KATNAL2	0.166695
HDHD2	0.428375
LIPG	0.753908
ACAA2	0.052868
MRO	0.751244
DCC	7.14e-4
POLI	0.877399
C18orf54	0.377777
CCDC68	0.540468
WDR7	0.015783
ST8SIA3	0.377236
ONECUT2	0.103271
FECH	0.112676
CCBE1	0.963205
MC4R	0.679297
PIGN	0.126049
KIAA1468	0.180245
TNFRSF11A	0.791547
ZCCHC2	0.012384
KDSR	0.106515
DSEL	0.695507
CCDC102B	0.02892
SOCS6	0.953749
FBXO15	0.80264
CNDP2	0.085809
ZNF407	0.019889
ZADH2	0.340764
ZNF236	0.155899
GALR1	0.885716
ATP9B	0.60385
PQLC1	0.560603
TXNL4A	0.352138
RBFA	0.71233900000000006
ADNP2	0.201602
DOC2B	0.775
LOC100506388	0.64
C17orf97	0.864
FAM101B	0.0628
VPS53	0.524
FAM57A	0.807
GEMIN4	0.547
DBIL5P	0.501
GLOD4	0.674
TIMM22	0.0319
TLCD2	0.304
SERPINF1	0.158
RPA1	0.376
SMG6	0.306
SRR	0.0062
SGSM2	0.0541
RAP1GAP2	0.419
OR3A2	0.168
SPATA22	0.536
ASPA	0.141
TRPV3	0.104
TRPV1	0.0323
SHPK	0.0451
CTNS	0.0484
P2RX5	0.313
CYB5D2	0.0649
UBE2G1	0.272
SPNS2	0.553
PSMB6	0.424
C17orf107	0.239
RNF167	0.504
ENO3	0.133
SPAG7	0.576
INCA1	0.685
ZNF594	0.445
LOC100130950	0.286
RABEP1	0.666
NUP88	0.943
RPAIN	0.472
MIS12	0.00579
PITPNM3	0.313
KIAA0753	0.564
C17orf100	0.984
XAF1	0.754
ACADVL	0.369
SLC2A4	0.308
EIF5A	0.246
CHRNB1	0.00251
POLR2A	0.0164
SOX15	0.23
LOC284023	0.289
CNTROB	0.582
ALOX15B	0.176
PFAS	0.643
LOC100128288	0.943
KRBA2	0.943
MYH10	0.273
GLP2R	0.435
TMEM220	0.296
PIRT	0.975
DNAH9	0.595
ELAC2	0.0976
COX10	0.66
HS3ST3B1	0.375
PMP22	0.963
TEKT3	0.488
ZNF286A	0.75
TBC1D26	0.327
MEIS3P1	0.595
ADORA2B	0.881
ZSWIM7	0.548
TTC19	0.675
CENPV	0.534
TRPV2	0.957
CCDC144A	0.247
PLD6	7.93e-4
FLCN	0.785
COPS3	0.351
NT5M	0.0917
TOM1L2	0.326
ATPAF2	0.549
DRG2	0.429
MYO15A	0.0545
ALKBH5	0.186
LLGL1	0.88
TOP3A	0.189
SMCR8	0.444
SHMT1	0.53
FAM106A	0.388
CCDC144B	0.398
TRIM16L	0.834
PRPSAP2	0.0587
ALDH3A2	0.829
AKAP10	0.246
SPECC1	0.44
CCDC144NL	0.738
USP22	0.0916
NOS2	0.0712
POLDIP2	0.0428
TMEM199	0.232
SLC46A1	0.192
PIGS	0.0264
TRAF4	0.145
DHRS13	0.729
TAOK1	0.114
ABHD15	0.0447
TP53I13	0.0373
SSH2	0.989
EFCAB5	0.0236
CPD	2.37e-4
GOSR1	2.26e-5
LRRC37BP1	0.256
SH3GL1P2	0.215
CRLF3	0.0364
NF1	0.124
UTP6	0.683
LRRC37B	0.89
RHBDL3	0.8
C17orf75	0.145
MYO1D	0.0944
TMEM98	0.627
C17orf102	0.126
TMEM132E	0.921
CCT6B	0.03
LIG3	0.0932
SLFN5	0.111
SLFN11	0.836
SLFN12	0.727
PEX12	0.732
AP2B1	0.172
MYO19	4.2e-4
DHRS11	0.0235
AATF	0.166
ACACA	0.0229
C17orf78	0.324
TADA2A	0.133
SYNRG	4.25e-4
LOC440434	0.576
MRPL45	0.715
GPR179	0.949
PLXDC1	0.72
TCAP	0.0154
PNMT	0.00798
PGAP3	9.7e-6
ORMDL3	7.95e-5
MED24	7.7e-4
CASC3	0.179
RAPGEFL1	0.341
SMARCE1	0.955
TMEM99	0.555
JUP	0.291
HAP1	0.397
ACLY	0.319
ZNF385C	0.212
RAB5C	0.922
PTRF	0.454
NAGLU	0.348
MLX	0.607
TUBG2	0.811
NBR2	0.804
DUSP3	0.683
MPP2	0.784
C17orf65	3.78e-6
RUNDC3A	0.334
SLC25A39	0.303
C17orf104	0.721
DBF4B	0.148
GJC1	0.96
HIGD1B	0.191
CCDC103	0.067
DCAKD	0.00706
NMT1	0.0252
ARHGAP27	0.111
MAPT	0.111
NSF	0.22
GOSR2	0.0702
ITGB3	0.0474
TBKBP1	0.273
MRPL10	0.128
SCRN2	0.0136
PNPO	0.0444
CDK5RAP3	0.817
SNX11	0.856
TTLL6	0.335
ATP5G1	0.411
UBE2Z	0.42
SNF8	0.503
ITGA3	0.00695
MRPL27	0.499
EME1	0.0194
RSAD1	0.143
MYCBPAP	0.00689
SPATA20	0.415
CACNA1G	0.664
ABCC3	0.972
ANKRD40	1.16e-4
NME1-NME2	0.0155
NME1	0.0973
NME2	0.0598
UTP18	0.0271
TOM1L1	0.875
COX11	0.558
STXBP4	0.175
MMD	4.76e-6
C17orf67	0.13
DGKE	0.336
TRIM25	0.939
AKAP1	0.89
4-Sep	0.00173
TEX14	0.155
RAD51C	0.0145
TRIM37	0.00804
SKA2	0.0101
RPS6KB1	0.15
RNFT1	0.823
CA4	0.867
BRIP1	0.171
MED13	0.0803
10-Mar	0.918
CYB561	0.158
ACE	0.0434
KCNH6	0.684
STRADA	0.994
FTSJ3	0.986
PSMC5	0.999
SMARCD2	0.648
TCAM1P	0.636
PLEKHM1P	0.986
LRRC37A3	0.961
AMZ2P1	0.162
AXIN2	0.406
CACNG5	0.0874
BPTF	7.66e-4
WIPI1	0.734
ABCA8	9.17e-4
ABCA6	0.468
ABCA10	0.768
ABCA5	0.613
KCNJ16	0.96
KCNJ2	0.807
SLC39A11	0.396
COG1	0.841
C17orf80	0.319
CDC42EP4	0.945
RAB37	0.786
FDXR	0.777
KCTD2	0.0651
ARMC7	0.00641
NUP85	0.0511
MRPS7	0.00266
LLGL2	0.843
WBP2	0.224
TRIM47	0.0497
TRIM65	0.335
ACOX1	0.209
QRICH2	0.257
MXRA7	0.471
LOC100507351	0.056
TMC6	0.45
PGS1	0.154
CYTH1	0.984
USP36	0.976
C1QTNF1	0.802
ENGASE	1
TBC1D16	0.605
GAA	0.603
CARD14	0.502
SLC26A11	0.395
C17orf89	0.0374
SLC38A10	0.218
ACTG1	0.459
CCDC137	0.0158
ARL16	0.00869
MRPL12	0.947
MYADML2	0.557
STRA13	0.859
LRRC45	0.753
RAC3	0.304
DCXR	0.866
CCDC57	0.75
HEXDC	0.0322
C17orf62	0.539
FN3KRP	0.991
B3GNTL1	0.396
SNRNP25	0.661
NPRL3	0.0324
PDIA2	0.234
AXIN1	0.441
MRPL28	0.314
TMEM8A	0.0712
DECR2	0.00774
PIGQ	0.334
WFIKKN1	0.525
FAM173A	0.462
UBE2I	0.282
BAIAP3	0.519
CCDC154	0.862
TELO2	0.633
HN1L	0.301
EME2	0.249
NUBP2	0.0248
IGFALS	0.529
HAGH	0.217
FAHD1	0.0308
SLC9A3R2	0.00252
RNPS1	0.0983
CCNF	0.827
FLYWCH1	0.0264
PAQR4	5.7e-4
ZNF213	0.649
ZNF75A	0.429
ZNF174	0.474
CLUAP1	0.99
NLRC3	0.921
DNASE1	0.449
TFAP4	0.328
CORO7	0.157
DNAJA3	0.529
NMRAL1	0.0223
MGRN1	0.198
ZNF500	0.21
GLYR1	0.00602
NAGPA	0.169
ABAT	0.202
PMM2	0.806
CARHSP1	0.667
ATF7IP2	0.99
EMP2	0.848
RMI2	0.0152
SNN	0.197
TXNDC11	0.512
ZC3H7A	0.556
SNX29	0.294
CPPED1	0.151
ERCC4	0.485
PDXDC1	0.35
RRN3	0.548
ABCC1	0.189
NOMO3	0.785
PKD1P1	0.404
ABCC6P1	0.14
ARL6IP1	0.198
COQ7	0.484
TMC5	0.733
IQCK	0.724
GPRC5B	0.766
ACSM5	0.685
THUMPD1	0.299
TMEM159	0.46
ANKS4B	0.0277
OTOA	0.00339
RRN3P1	0.239
EEF2K	0.13
COG7	0.0139
EARS2	0.00908
PRKCB	0.146
LOC100506655	0.0141
ZKSCAN2	0.0116
SULT1A1	0.265
TUFM	0.139
SH2B1	0.209
NFATC2IP	0.556
RRN3P2	0.989
QPRT	0.252
DOC2A	1e-7
MAPK3	0.00288
LOC595101	0.00763
RNF40	0.0744
SETD1A	0.331
HSD3B7	0.476
ZNF646	0.476
VKORC1	0.514
KAT8	0.456
PRSS36	0.812
TRIM72	0.5
ITGAX	0.722
ZNF720	0.0193
SHCBP1	0.123
MYLK3	0.142
NETO2	0.606
ITFG1	0.553
PHKB	0.0995
ABCC11	0.0595
LONP2	0.867
LOC100507577	0.956
CBLN1	0.796
HEATR3	0.0854
ADCY7	0.162
CHD9	0.169
RBL2	0.417
AKTIP	0.277
RPGRIP1L	0.0956
FTO	0.135
LPCAT2	0.44
CES1	0.502
AMFR	0.277
NUDT21	0.717
BBS2	0.496
MT1E	0.497
NUP93	0.874
CIAPIN1	0.757
COQ9	0.505
CCDC102A	0.685
CCDC113	0.317
GOT2	0.711
B3GNT9	0.138
TPPP3	0.0596
ATP6V0D1	0.008
GFOD2	0.00274
TSNAXIP1	0.00516
DUS2L	3.15e-4
NFATC3	0.629
PLA2G15	0.129
PRMT7	0.61
ZFP90	0.809
CDH3	0.418
CDH1	0.923
VPS4A	1.82e-4
COG8	3.79e-5
PDF	3.71e-5
NIP7	7.41e-4
NOB1	0.0683
WWP2	0.677
PDXDC2P	0.674
EXOSC6	0.203
COG4	0.0663
SF3B3	0.769
IL34	0.15
HYDIN	0.293
MARVELD3	0.0048
PHLPP2	0.0274
DHODH	0.545
TXNL4B	0.955
HPR	0.994
DHX38	0.858
LOC283922	0.206
GLG1	0.588
RFWD3	0.063
ZNRF1	0.273
ZFP1	0.964
CFDP1	0.234
CHST5	0.185
TMEM231	0.0659
ADAT1	0.121
CNTNAP4	0.665
MON1B	0.388
ADAMTS18	0.482
NUDT7	0.217
WWOX	0.964
PKD1L2	0.371
GAN	0.965
MPHOSPH6	0.373
CDH13	1.35e-4
MBTPS1	0.469
HSDL1	0.209
TAF1C	0.166
ADAD2	0.628
WFDC1	0.952
ATP2C2	0.891
USP10	0.0299
KIAA0513	0.842
JPH3	0.0364
KLHDC4	0.971
RNF166	0.764
CTU2	0.0448
APRT	0.0738
GALNS	0.604
TRAPPC2L	0.104
ACSF3	0.569
ZNF778	0.672
SPG7	0.101
RPL13	0.0334
CPNE7	3.02e-4
CHMP1A	0.591
C16orf55	0.00913
CDK10	0.129
FANCA	0.0382
SPIRE2	4.35e-4
DEF8	0.331
CENPBD1	0.728
AFG3L1P	2.58e-4
GAS8	7.59e-5
C16orf3	0.0169
LOC100130015	0.407
MKRN3	0.485
NDN	0.0729
PWRN2	0.0206
PWRN1	0.0772
SNRPN	0.304
PAR5	0.296
PAR1	0.751
OCA2	0.802
HERC2	0.189
HERC2P9	0.393
NDNL2	0.191
FAN1	0.666
CHRNA7	0.0777
ARHGAP11A	0.252
GREM1	0.804
AVEN	0.472
CHRM5	0.0479
SLC12A6	0.797
NOP10	0.171
GOLGA8A	0.531
GOLGA8B	0.422
AQR	0.245
ZNF770	0.199
EIF2AK4	0.486
SRP14	0.593
PAK6	0.16
IVD	0.51
C15orf57	0.0148
MRPL42P5	0.024
RHOV	0.336
EXD1	0.125
NUSAP1	0.0338
NDUFAF1	0.0242
RPAP1	0.994
MAPKBP1	0.771
JMJD7	0.979
SPTBN5	0.00554
VPS39	0.0193
SNAP23	0.159
CDAN1	0.00126
TTBK2	0.234
LCMT2	0.00927
ADAL	0.00594
ZSCAN29	0.433
TUBGCP4	0.78
CKMT1B	0.0328
STRC	0.28
ELL3	0.815
WDR76	0.0294
TRIM69	0.864
SHF	0.0357
SPATA5L1	0.545
CEP152	0.923
COPS2	0.397
DTWD1	0.488
ATP8B4	0.366
SLC27A2	0.232
FLJ10038	0.568
USP8	0.176
TRPM7	0.474
SPPL2A	0.328
AP4E1	0.00275
TNFAIP8L3	0.0214
GLDN	0.82
DMXL2	7.07e-4
TMOD2	0.14
MYO5C	9.76e-4
UNC13C	0.403
RAB27A	0.502
PIGB	0.789
CCPG1	0.58
DYX1C1	0.53
PRTG	0.00571
NEDD4	0.478
TEX9	0.69
MNS1	0.761
ZNF280D	0.919
LOC145783	2.3e-4
GCOM1	0.804
ADAM10	0.0287
RNF111	0.00223
GTF2A2	0.743
VPS13C	0.552
TPM1	0.147
LACTB	0.939
RPS27L	0.917
CA12	0.0749
DAPK2	0.512
SNX1	0.132
TRIP4	0.334
ZNF609	0.0343
PIF1	0.118
ANKDD1A	0.858
SPG21	0.753
MTFMT	0.0441
RASL12	0.857
SLC24A1	0.646
DENND4A	0.425
DIS3L	0.53
TIPIN	0.0517
MAP2K1	0.551
SNAPC5	0.685
LCTL	0.641
AAGAB	0.215
IQCH	0.233
C15orf61	5.69e-4
MAP2K5	0.209
SKOR1	0.114
FEM1B	0.797
GLCE	0.0499
LOC145837	0.793
UACA	0.118
LARP6	0.274
THAP10	0.45
THSD4	0.157
HEXA	0.806
ADPGK	0.313
NEO1	0.0664
CD276	0.874
STOML1	0.503
ARID3B	0.246
MPI	0.0304
PPCDC	0.212
COMMD4	0.231
MAN2C1	0.927
SNUPN	0.473
DNM1P35	0.677
UBE2Q2	0.419
NRG4	0.29
SCAPER	0.613
PEAK1	4.31e-4
HMG20A	9.03e-5
LINGO1	0.00143
CIB2	0.0132
IDH3A	0.0045
DNAJA4	0.0429
WDR61	0.909
IREB2	0.13
AGPHD1	0.0562
PSMA4	0.0287
CHRNA5	0.426
ADAMTS7	0.517
KIAA1024	0.703
MTHFS	0.866
FAH	0.923
ARNT2	0.12
KIAA1199	0.0787
MESDC2	0.886
IL16	0.0901
EFTUD1	0.0218
FAM154B	0.184
GOLGA6L9	0.513
CPEB1	0.00131
AP3B2	0.00935
C15orf40	4.71e-7
BTBD1	0.00189
ADAMTSL3	0.0172
LOC388152	6.88e-8
GOLGA6L5	0.611
UBE2Q2P1	0.0244
ZSCAN2	2.79e-6
ALPK3	0.875
PDE8A	0.927
AKAP13	0.00939
RLBP1	0.261
PEX11A	0.94
SEMA4B	0.767
CIB1	0.914
ZNF774	0.526
IQGAP1	0.473
FURIN	3.53e-9
UNC45A	0.521
HDDC3	0.107
RCCD1	0.0474
VPS33B	0.014
SV2B	0.0661
SLCO3A1	0.84
FAM174B	0.203
LOC400456	0.867
IGF1R	0.658
SYNM	0.682
TTC23	0.344
LYSMD4	0.00462
ADAMTS17	0.197
CERS3	0.287
LINS	0.682
ALDH1A3	0.909
PCSK6	0.509
TM2D3	0.419
WASH3P	0.0121
TTC5	0.327
CCNB1IP1	0.377
OSGEP	0.943
RNASE4	0.256
METTL17	0.302
ARHGEF40	0.608
DAD1	0.327
MRPL52	0.839
RBM23	0.903
PRMT5	0.0475
HAUS4	0.0671
PSMB5	0.646
BCL2L2	0.163
EFS	0.851
DHRS4	0.115
DHRS4L2	0.521
PCK2	0.48
REC8	0.165
CHMP4A	0.475
DHRS1	0.412
NFATC4	0.391
NYNRIN	0.053
CBLN3	0.782
KHNYN	0.834
STXBP6	0.0078
PRKD1	0.0181
G2E3	0.521
SCFD1	0.399
COCH	0.348
HEATR5A	0.0662
NUBPL	0.628
EAPP	0.92
SNX6	0.83
CFL2	0.646
BAZ1A	0.269
FAM177A1	0.268
PPP2R3C	0.711
INSM2	0.385
RALGAPA1	0.59
MIPOL1	0.683
SSTR1	0.89
TRAPPC6B	0.261
PNN	0.0249
CTAGE5	0.634
LRFN5	0.352
FAM179B	0.0222
FANCM	0.00951
RPL36AL	0.477
POLE2	0.451
KLHDC1	0.937
METTL21D	0.48
SOS2	0.982
CDKL1	0.057
SAV1	0.924
PYGL	0.222
TRIM9	0.914
TXNDC16	0.0274
DDHD1	0.445
BMP4	0.0772
GCH1	0.531
WDHD1	0.336
MAPK1IP1L	0.0999
LGALS3	0.913
FBXO34	0.759
ATG14	0.892
KTN1	0.942
PELI2	0.0282
C14orf37	0.00181
ACTR10	0.0178
DAAM1	0.161
JKAMP	0.698
DHRS7	0.497
SLC38A6	0.475
SYT16	0.00249
KCNH5	0.0808
SYNE2	0.0307
MTHFD1	0.812
ZBTB1	0.0599
SPTB	0.0955
CHURC1	0.426
MAX	0.903
FUT8	0.422
FAM71D	0.0911
PIGH	0.352
ZFP36L1	0.135
PLEKHD1	0.998
SMOC1	0.381
ADAM21	0.472
MAP3K9	0.379
PCNX	0.682
RGS6	0.0208
DCAF4	0.114
HEATR4	0.487
ACOT1	0.879
ACOT2	0.704
ACOT4	0.593
ACOT6	0.411
PTGR2	0.417
FAM161B	0.995
COQ6	0.153
LIN52	0.753
ABCD4	0.796
SYNDIG1L	0.363
LTBP2	0.623
DLST	0.554
RPS6KL1	0.26
EIF2B2	0.735
MLH3	0.81
TMED10	0.301
FLVCR2	0.6
TTLL5	0.793
ANGEL1	0.27
KIAA1737	0.362
POMT2	0.00704
GSTZ1	0.0395
SAMD15	0.00475
SNW1	0.692
ADCK1	0.0575
CEP128	0.836
TSHR	0.88
STON2	0.425
GALC	0.202
SPATA7	0.408
PTPN21	0.974
EFCAB11	0.75
C14orf159	0.258
CCDC88C	0.049
SMEK1	1.27e-5
CATSPERB	0.122
TC2N	0.0829
ATXN3	0.225
CPSF2	0.803
LGMN	0.35
BTBD7	0.256
PRIMA1	0.00821
FAM181A	0.809
IFI27L2	0.0469
PPP4R4	0.232
C14orf132	0.0114
BDKRB2	0.946
AK7	0.114
VRK1	0.0505
CCDC85C	0.285
HHIPL1	0.901
EML1	0.01
WDR25	0.552
PPP2R5C	0.855
WDR20	0.651
ZNF839	0.0337
CINP	0.0637
TECPR2	0.00957
EIF5	2.76e-4
TRMT61A	0.275
PPP1R13B	8.72e-4
C14orf2	0.222
TDRD9	0.00903
ADSSL1	0.277
SIVA1	0.0876
C14orf79	0.156
NUDT14	0.473
BTBD6	0.145
C14orf80	0.477
ANKRD26P3	0.799
ZMYM5	0.965
GJB2	0.942
CRYL1	0.16
IFT88	0.172
N6AMT2	0.629
XPO4	0.836
SAP18	0.58
MRP63	0.758
SPATA13	0.761
PARP4	0.413
CENPJ	0.135
TPTE2P1	0.963
MTMR6	0.448
WASF3	0.893
GPR12	0.562
GTF3A	0.336
MTIF3	0.584
POLR1D	0.282
FLT3	0.348
PAN3	0.68
KATNAL1	0.226
B3GALTL	0.00159
BRCA2	0.29
N4BP2L1	0.447
KL	0.541
CCDC169	0.778
SMAD9	0.212
ALG5	1
EXOSC8	0.684
POSTN	0.563
FREM2	0.608
LHFP	0.34
COG6	0.142
SUGT1P3	0.352
MTRF1	0.148
NAA16	0.208
AKAP11	0.149
DNAJC15	0.678
CCDC122	5.39e-4
LACC1	0.0484
KIAA0226L	0.256
LRCH1	0.941
ESD	0.448
SUCLA2	0.511
MED4	0.925
RB1	0.302
CAB39L	0.14
SETDB2	0.656
PHF11	0.592
RCBTB1	2.48e-4
EBPL	0.873
SPRYD7	0.671
TRIM13	0.0823
DLEU7	0.961
RNASEH2B	0.0105
ATP7B	0.0991
ALG11	0.391
UTP14C	0.391
NEK5	0.432
NEK3	0.824
THSD1	0.72
VPS36	0.0688
CKAP2	0.871
HNRNPA1L2	0.693
PCDH8	0.00925
OLFM4	0.597
DIAPH3	0.0285
TDRD3	0.157
KLHL1	0.844
DACH1	0.571
BORA	0.0652
PIBF1	0.917
KLF12	0.694
TBC1D4	0.0786
UCHL3	0.0092
LMO7	0.0733
CLN5	0.612
RBM26-AS1	0.0146
NDFIP2	3.84e-6
GPC5	0.87
DCT	0.229
GPR180	0.64
ABCC4	0.492
DZIP1	0.0816
DNAJC3	0.728
UGGT2	0.939
OXGR1	0.0492
FARP1	0.322
STK24	0.00239
UBAC2	0.369
CLYBL	0.693
NALCN	0.58
TPP2	8.39e-5
METTL21C	0.00706
CCDC168	0.0337
FAM155A	0.166
LIG4	0.495
MYO16	0.172
RAB20	0.829
CARKD	0.0587
CARS2	0.333
ANKRD10	0.209
TUBGCP3	0.0312
MCF2L-AS1	0.445
MCF2L	0.428
F7	0.183
ADPRHL1	0.861
DCUN1D2	0.0123
TMCO3	0.193
RASA3	0.425
CDC16	0.0383
UPF3A	0.992
CCDC77	0.053016
RAD52	0.178484
ERC1	0.077054
NRIP2	0.810175
TULP3	0.054606
PARP11	0.113194
CCND2	0.425183
C12orf5	0.769859
AKAP3	0.87761
NDUFA9	0.704688
GALNT8	0.871084
ANO2	0.898007
LTBR	0.430495
TAPBPL	0.92679
VAMP1	0.063879
MRPL51	0.5412
NCAPD2	0.160085
SCARNA10	0.002478
SPSB2	0.001415
LRRC23	0.001631
KLRC3	0.366526
KLRC2	0.108213
TAS2R9	0.705751
TAS2R10	0.607951
PRH1-PRR4	0.196808
TAS2R13	0.183937
PRH2	0.433758
TAS2R14	0.10679
TAS2R50	0.633362
TAS2R20	0.499041
TAS2R19	0.388152
TAS2R31	0.472141
TAS2R46	0.049573
TAS2R30	0.729343
LOC100129361	0.74821
LOC338817	0.924436
LRP6	0.85287
LOH12CR1	0.728591
DUSP16	0.405297
HTR7P1	0.08166
KIAA1467	0.185503
PLBD1	0.358677
C12orf60	0.091219
RERG	0.222728
EPS8	0.876821
SLC15A5	0.594082
MGST1	0.846873
PIK3C2G	0.754362
SLCO1C1	0.138166
SLCO1A2	0.926584
PYROXD1	0.948174
RECQL	0.200752
GOLT1B	0.776341
C12orf39	0.451847
ABCC9	0.347277
ST8SIA1	0.370358
BCAT1	0.533792
LRMP	0.161685
LYRM5	0.47273
RASSF8	0.811972
ITPR2	0.335135
TM7SF3	0.661081
STK38L	0.749377
ARNTL2	0.572609
PPFIBP1	0.103117
MRPS35	0.068498
CCDC91	2.66e-4
FAR2	0.187839
IPO8	0.290666
CAPRIN2	0.29834
TSPAN11	0.521092
DDX11	0.463214
DENND5B	0.962513
BICD1	0.14839
FGD4	0.094355
SYT10	0.179754
ALG10	0.763826
CPNE8	0.980267
SLC2A13	0.733775
LRRK2	0.036403
PDZRN4	0.578139
GXYLT1	0.02151
ZCRB1	0.170408
PPHLN1	0.119629
PRICKLE1	0.646327
ADAMTS20	0.009043
SLC38A4	0.980744
RAPGEF3	0.05238
TMEM106C	0.591491
SENP1	0.178781
ZNF641	0.182499
C12orf54	0.717774
CACNB3	0.007768
CCDC65	0.062603
FKBP11	0.004053
ARF3	0.006052
WNT10B	0.054229
RHEBL1	0.008614
TUBA1B	0.024768
TUBA1A	0.03716
TUBA1C	0.02243
DNAJC22	0.48831
SPATS2	0.403726
FMNL3	0.096112
FAIM2	0.204186
AQP5	0.749727
CERS5	0.950563
DIP2B	0.200933
ATF1	0.10387
LETMD1	0.857153
POU6F1	0.515692
DAZAP2	0.3643
GALNT6	0.035463
SLC4A8	0.001957
TENC1	0.039406
RARG	0.665123
FLJ12825	0.251494
PDE1B	0.042288
PPP1R1A	0.071233
ITGA7	0.244019
RPS26	0.23643
CNPY2	0.391445
PAN2	0.594726
RBMS2	0.051895
PRIM1	2.99e-4
HSD17B6	0.098811
TMEM194A	0.865498
STAT6	0.001556
B4GALNT1	0.88629
METTL21B	0.091253
TSFM	0.088008
XRCC6BP1	0.443676
LRIG3	0.940596
AVPR1A	0.88736
DPY19L2	0.005614
RASSF3	0.019421
TBC1D30	0.548324
FLJ41278	0.774982
WIF1	0.328074
LEMD3	0.784921
TMBIM4	0.772573
HELB	0.010141
GRIP1	0.123331
CAND1	0.059981
DYRK2	0.670108
MDM1	0.440852
NUP107	0.190515
CPM	0.072606
LYZ	0.006958
YEATS4	0.118424
BEST3	0.010772
RAB3IP	0.01475
KCNMB4	0.004137
TPH2	0.978543
GLIPR1L2	0.879761
GLIPR1	0.946582
KRR1	0.754281
BBS10	0.019648
CSRP2	0.790689
E2F7	0.2896
NAV3	0.75085
PAWR	0.989822
PTPRQ	0.328919
MGAT4C	0.725314
TMTC3	0.024857
LOC728084	0.408031
POC1B	0.100797
NUDT4	0.948083
MRPL42	0.921727
TMCC3	0.433627
FGD6	0.524055
VEZT	0.238797
USP44	0.699887
NTN4	0.028163
AMDHD1	0.709529
RMST	0.331769
SLC25A3	0.806167
IKBIP	0.184261
APAF1	0.70766
ANKS1B	0.836647
ANO4	0.81989
SLC5A8	0.641931
ARL1	0.730846
MYBPC1	0.785888
CHPT1	0.66541
GNPTAB	0.027178
CCDC53	0.263954
PAH	0.588054
NT5DC3	0.208483
GNN	0.395256
C12orf73	0.093109
GLT8D2	0.165986
NFYB	0.854798
TXNRD1	0.878308
KIAA1033	0.006564
C12orf75	0.494588
NUAK1	0.189756
TCP11L2	0.091219
MTERFD3	0.513756
PRDM4	0.201602
WSCD2	0.001804
CMKLR1	0.201152
SART3	0.184412
CORO1C	0.069524
UNG	0.569525
MMAB	0.338567
C12orf76	0.971259
ATP2A2	0.037342
ANAPC7	0.770914
VPS29	0.977361
ATXN2	0.11206
ALDH2	0.22133
TMEM116	0.008915
NAA25	0.728748
TRAFD1	0.251382
OAS1	0.596805
OAS3	0.739134
C12orf52	0.72259
TESC	0.050315
NOS1	0.144758
VSIG10	0.429087
PEBP1	0.021562
SUDS3	0.072046
COX6A1	0.003047
GATC	0.018719
DYNLL1	0.257929
COQ5	0.216045
POP5	0.004263
ACADS	0.140751
SPPL3	0.041858
HNF1A	0.307254
C12orf43	0.568
P2RX7	0.78836
P2RX4	0.971684
TMEM120B	0.129645
LRRC43	0.485177
VPS33A	0.135725
KNTC1	0.462949
CCDC62	0.509589
HIP1R	0.301712
MPHOSPH9	0.013108
SETD8	0.072107
RILPL1	0.918802
DDX55	0.052248
EIF2B1	0.120023
GTF2H3	0.583776
TCTN2	0.662384
ATP6V0A2	0.925458
DNAH10	0.046315
CCDC92	9.19e-4
UBC	0.449649
AACS	0.847547
TMEM132B	0.093047
LOC100128554	0.929951
TMEM132C	0.695797
GLT1D1	0.117615
FZD10	0.618438
GPR133	0.436569
MMP17	0.669551
EP400NL	0.649262
DDX51	0.193959
FBRSL1	0.763726
POLE	0.357459
PXMP2	0.970393
GOLGA3	0.611603
ZNF605	0.60601
ZNF268	0.747629
BET1L	0.442
RIC8A	0.309
PSMD13	0.301
ATHL1	0.244
IFITM2	0.213
B4GALNT4	0.303
PKP3	0.368
SIGIRR	0.714
PTDSS2	0.699
RNH1	0.828
HRAS	0.981
LRRC56	0.815
RASSF7	0.541
LOC143666	0.298
CDHR5	0.306
DEAF1	0.805
TMEM80	0.78
EPS8L2	0.982
PDDC1	0.914
PIDD	0.751
RPLP2	0.751
PNPLA2	0.751
CD151	0.3
POLR2L	0.0928
TSPAN4	0.45
AP2A2	0.14
IFITM10	0.581
LSP1	0.826
SLC22A18	0.432
OSBPL5	0.269
ZNF195	0.489
STIM1	0.442
RRM1	0.52
TRIM5	0.673
TRIM3	0.309
RRP8	0.0388
DCHS1	0.137
MRPL17	0.421
GVINP1	0.481
OR2D3	0.311
ZNF214	0.136
NLRP14	0.729
PPFIBP2	0.266
CYB5R2	0.277
EIF3F	0.584
LMO1	0.256
STK33	0.107
TRIM66	0.0947
ST5	0.703
SCUBE2	0.718
DENND5A	0.59
TMEM41B	0.354
IPO7	0.575
SWAP70	0.534
AMPD3	0.811
RNF141	0.0037
MRVI1	0.0437
CTR9	0.447
DKK3	0.254
PARVA	0.849
LOC100506305	0.0294
RASSF10	0.18
BTBD10	0.495
SPON1	0.0171
RRAS2	0.00617
CYP2R1	5.55e-5
C11orf58	0.378
KCNJ11	0.164
ABCC8	0.417
SERGEF	0.314
TPH1	0.00611
SAAL1	0.0197
GTF2H1	0.0477
LDHAL6A	0.94
IGSF22	0.253
HTATIP2	0.148
NELL1	0.748
ANO5	0.266
SLC17A6	0.306
FANCF	0.755
GAS2	0.607
SVIP	0.0358
ANO3	0.797
BBOX1	0.6
METTL15	0.31
DCDC5	0.94
DCDC1	0.825
DNAJC24	0.832
PAX6	0.953
RCN1	0.433
CCDC73	0.608
QSER1	0.194
DEPDC7	0.691
TCP11L1	0.0613
HIPK3	0.783
CD59	0.328
NAT10	0.862
CAT	0.847
EHF	0.226
APIP	0.457
PDHX	0.115
PAMR1	0.239
TRIM44	0.372
LDLRAD3	0.461
COMMD9	0.421
HSD17B12	0.368
ALKBH3	0.592
ACCS	0.193
EXT2	0.0219
ALX4	0.0961
CD82	0.969
TSPAN18	0.454
PRDM11	0.00525
CHST1	0.021
DKFZp779M0652	0.0944
SLC35C1	0.541
ARHGAP1	0.00261
LRP4	0.872
C11orf49	0.125
DDB2	0.00239
MADD	0.00815
PSMC3	0.274
FAM180B	0.75
MTCH2	0.745
AGBL2	0.209
PTPRJ	0.0728
FOLH1	0.66
LOC440040	0.0199
LRRC55	0.836
APLNR	0.223
TIMM10	0.58
GLYATL2	0.17
MS4A14	0.0875
TMEM132A	0.641
CD6	0.547
TMEM216	0.26
FEN1	2.1e-12
FADS1	2.1e-12
BEST1	0.53
ASRGL1	0.403
GANAB	0.0157
TTC9C	0.0425
TMEM223	0.781
SNHG1	0.151
PLA2G16	0.685
ATL3	0.864
COX8A	0.925
TRPT1	0.0136
PPP1R14B	0.0195
PLCB3	1.02e-4
CCDC88B	0.00139
PYGM	0.879
MRPL49	0.963
POLA2	0.513
NEAT1	0.534
RNASEH2C	0.455
SNX32	0.709
CFL1	0.457
FIBP	0.124
EIF1AD	1.23e-6
SF3B2	0.293
PACS1	5.74e-5
RIN1	7.81e-10
BRMS1	0.508
BBS1	0.00285
CTSF	0.383
C11orf80	0.00272
PTPRCAP	0.969
GSTP1	0.948
NDUFS8	0.136
C11orf24	0.224
MTL5	0.541
MRPL21	0.173
IGHMBP2	8.11e-4
MRGPRF	0.0535
TPCN2	0.0584
FADD	0.482
PPFIA1	0.507
STARD10	0.0805
ATG16L2	0.263
RELT	0.854
PLEKHB1	0.561
RAB6A	0.599
MRPL48	0.749
PAAF1	0.0652
C2CD3	0.131
PGM2L1	0.582
KCNE3	0.0733
RNF169	0.553
XRRA1	0.575
NEU3	0.454
SLCO2B1	0.203
RPS3	0.0147
DGAT2	0.14
C11orf30	0.873
CAPN5	0.982
PAK1	0.49
AQP11	0.209
RSF1	0.748
INTS4	0.525
ALG8	6.14e-4
KCTD21	0.0139
USP35	0.669
NARS2	0.761
ODZ4	0.555
LOC100506233	0.084
ANKRD42	0.438
TMEM126B	0.0523
TMEM126A	0.491
SYTL2	9.16e-4
EED	0.903
ME3	0.318
PRSS23	0.661
TMEM135	0.384
CTSC	0.162
NOX4	0.297
NAALAD2	0.00846
FAT3	0.514
SLC36A4	0.189
KIAA1731	0.278
SCARNA9	0.00237
C11orf54	0.0769
MED17	0.103
VSTM5	0.0805
PANX1	0.162
GPR83	5.12e-4
MRE11A	0.289
ANKRD49	0.0883
FUT4	0.419
PIWIL4	0.971
CWC15	0.192
SRSF8	0.924
ENDOD1	0.855
FAM76B	0.539
MTMR2	0.687
CCDC82	0.186
CNTN5	0.0846
ARHGAP42	0.567
TMEM133	0.376
TRPC6	0.995
ANGPTL5	0.261
KIAA1377	0.00651
C11orf70	0.00413
PDGFD	0.805
CWF19L2	0.0721
ALKBH8	0.391
ELMOD1	0.289
SLC35F2	0.447
ACAT1	0.49
ATM	0.128
C11orf65	0.0273
KDELC2	0.503
FDX1	0.308
LAYN	2.39e-4
PPP2R1B	0.516
ALG9	0.781
C11orf1	0.0441
BCO2	0.0292
TTC12	0.741
TMPRSS5	0.231
ZNF259	0.866
SIDT2	0.063
BACE1	0.0316
CEP164	0.0742
MPZL2	0.982
IFT46	0.0731
RPS25	0.15
TRAPPC4	0.0442
VPS11	0.748
HINFP	0.553
NLRX1	0.0824
CBL	0.539
OAF	0.652
TMEM136	0.294
ARHGEF12	0.31
TBCEL	0.0551
MIR100HG	0.222
C11orf63	0.497
ZNF202	0.263
VWA5A	0.0437
SPA17	0.32
CCDC15	0.92
SLC37A2	0.991
TMEM218	0.717
CHEK1	0.911
PATE2	0.752
DDX25	0.808
CDON	0.468
SRPR	0.115
FOXRED1	0.709
ST3GAL4	0.464
KIRREL3	0.815
ETS1	0.558
NFRKB	0.682
ADAMTS8	0.738
SNX19	9.11e-4
NTM	0.449
OPCML	0.0677
LOC100128239	0.119
B3GAT1	0.836
LOC283177	0.105
IDI2	0.876
IDI2-AS1	0.018
WDR37	0.941
ADARB2	0.155
PITRM1	0.721
AKR1E2	0.726
AKR1C1	0.0641
AKR1C3	0.32
AKR1C2	0.0766
ASB13	0.423
C10orf18	0.838
GDI2	0.795
PRKCQ	0.11
SFMBT2	0.518
ATP5C1	0.978
SFTA1P	0.173
USP6NL	0.0156
ECHDC3	0.441
SEC61A2	0.00219
CCDC3	0.892
OPTN	0.28
FRMD4A	0.814
DCLRE1C	0.392
ACBD7	0.776
C10orf111	0.981
RPP38	0.461
NMT2	0.161
FAM171A1	0.237
ITGA8	0.151
FAM188A	0.473
RSU1	0.182
CUBN	0.0991
VIM	0.492
ST8SIA6	0.432
PTPLA	0.983
SLC39A12	0.487
NSUN6	0.00567
NEBL	0.552
LOC100499489	0.838
PIP4K2A	0.595
C10orf67	0.831
PRTFDC1	0.662
MYO3A	0.985
PDSS1	0.776
ANKRD26	0.929
MASTL	0.274
MKX	0.133
MPP7	0.51
MTPAP	0.727
ZNF438	0.715
ARHGAP12	0.824
CCDC7	0.552
C10orf68	0.597
PARD3	0.311
ANKRD30A	0.117
ZNF248	0.511
ZNF25	0.968
LOC100129055	0.877
LOC441666	0.87
ZNF37BP	0.516
ZNF33B	0.901
BMS1	0.28
RET	0.0268
CSGALNACT2	0.963
RASGEF1A	0.856
RASSF4	0.216
ALOX5	0.531
FAM21C	0.579
LOC399753	0.964
FRMPD2	0.0264
ARHGAP22	0.00245
VSTM4	0.933
ERCC6	0.0789
FAM21A	0.559
SGMS1	0.98
A1CF	0.0207
PRKG1	0.00579
CSTF2T	0.0011
DKK1	0.262
PCDH15	0.758
ZWINT	0.154
IPMK	0.68
CISD1	0.741
TFAM	0.0123
BICC1	0.299
RHOBTB1	0.582
TMEM26	0.504
C10orf107	0.645
RTKN2	0.443
ADO	0.0193
REEP3	0.679
ANXA2P3	0.19
CTNNA3	0.705
HERC4	0.0886
ATOH7	0.0254
PBLD	0.244
DNA2	0.7
SLC25A16	0.33
TET1	0.0443
STOX1	0.0369
HKDC1	0.7
TSPAN15	0.627
AIFM2	0.736
SAR1A	0.958
PPA1	0.519
LRRC20	0.14
NODAL	0.638
ADAMTS14	0.767
SGPL1	0.702
PCBD1	0.834
SLC29A3	0.0124
CDH23	0.621
C10orf105	0.377
CHST3	0.952
ASCC1	0.376
MICU1	0.405
NUDT13	0.0242
FAM149B1	0.0884
DNAJC9	0.19
TTC18	0.0607
BMS1P4	0.48
VCL	0.0043
ADK	0.00107
ZNF503	0.037
C10orf11	0.0949
DLG5	0.852
RPS24	0.767
MBL1P	0.489
SFTPD	0.492
PLAC9	0.361
ANXA11	0.558
DYDC2	0.993
TSPAN14	0.0253
GHITM	0.131
CDHR1	8.97e-5
LRIT2	0.00306
RGR	0.838
WAPAL	0.348
BMPR1A	0.0728
SNCG	0.814
ATAD1	0.0282
PTEN	0.724
RNLS	0.944
LIPJ	0.874
FAS	0.779
IFIT1	0.205
IFIT5	0.221
FLJ37201	0.457
KIF20B	0.5
NUDT9P1	0.0851
TNKS2	0.18
5-Mar	0.447
EXOC6	1
CYP26A1	0.469
FRA10AC1	0.854
PLCE1	0.564
NOC3L	0.595
HELLS	0.678
CYP2C8	0.0487
TCTN3	0.595
ENTPD1	0.939
OPALIN	0.169
TLL2	0.989
ARHGAP19	0.0113
FRAT1	0.0322
FRAT2	0.0122
RRP12	0.096
EXOSC1	0.773
HOGA1	0.0333
PI4K2A	0.8
MORN4	0.366
AVPI1	0.713
MARVELD1	0.994
ZFYVE27	0.251
SFRP5	0.18
GOLGA7B	0.921
CRTAC1	0.137
PYROXD2	0.00223
HPS1	0.0319
HPSE2	0.581
ENTPD7	0.792
COX15	0.239
CUTC	0.164
DNMBP	0.114
CWF19L1	4.62e-4
BLOC1S2	3.12e-4
PKD2L1	0.552
SEC31B	0.955
HIF1AN	0.788
PDZD7	0.155
SFXN3	0.94
BTRC	0.173
POLL	0.00334
DPCD	0.901
NPM3	0.0414
HPS6	0.235
LOC100505761	0.171
TMEM180	0.203
ACTR1A	0.79
ARL3	0.103
C10orf32	0.0646
AS3MT	0.0746
NT5C2	0.287
INA	0.518
USMG5	0.931
CALHM2	0.193
CALHM1	0.509
NEURL	0.21
OBFC1	0.408
WDR96	0.652
GSTO1	0.146
GSTO2	0.475
XPNPEP1	0.0657
ADD3	2.74e-7
MXI1	0.326
SHOC2	0.777
ADRA2A	0.444
GPAM	0.0192
ACSL5	0.319
ZDHHC6	0.0157
VTI1A	0.141
NRAP	0.0221
CASP7	0.0186
DCLRE1A	0.0226
ABLIM1	0.154
TRUB1	0.0115
GFRA1	0.13
HSPA12A	0.0948
SLC18A2	0.121
CASC2	0.965
PRLHR	0.0618
NANOS1	0.101
MCMBP	0.768
SEC23IP	0.689
WDR11	0.0377
FGFR2	0.475
ATE1	0.455
TACC2	0.35
PLEKHA1	0.93
PSTK	0.93
GPR26	0.213
LHPP	0.0317
FAM53B	0.891
METTL10	0.0349
CTBP2	0.328
UROS	0.00564
FANK1	0.451
C10orf90	0.462
FAM196A	0.19
MGMT	0.662
EBF3	0.618
GLRX3	0.96
FLJ46300	0.14
PPP2R2D	0.287
JAKMIP3	0.493
DPYSL4	0.872
STK32C	0.124
LRRC27	0.364
INPP5A	0.806
NKX6-2	0.472
GPR123	0.933
KNDC1	0.143
ECHS1	0.172
PAOX	0.0901
MTG1	0.00453
LOC619207	0.00347
CYP2E1	0.117
SYCE1	0.633
SPRNP1	0.655
LOC643837	0.92
AGRN	0.039
C1orf159	0.0287
SCNN1D	0.33
MXRA8	0.999
LOC148413	0.581
ATAD3C	0.847
ATAD3B	0.626
ATAD3A	0.218
SSU72	0.889
SLC35E2B	0.154
SLC35E2	5.37e-5
KIAA1751	0.751
MORN1	0.497
LOC100129534	0.891
RER1	0.904
TNFRSF14	0.349
TPRG1L	0.259
TP73-AS1	0.77
LRRC47	0.767
CEP104	0.625
NPHP4	0.319
ICMT	0.718
TNFRSF25	0.0603
PLEKHG5	0.0133
DNAJC11	0.676
CAMTA1	0.498
PARK7	0.788
SLC45A1	0.283
H6PD	0.143
PIK3CD	0.408
CTNNBIP1	0.0611
NMNAT1	0.401
RBP7	0.0587
CASZ1	0.136
EXOSC10	0.959
MTOR	0.651
PTCHD2	0.0736
FBXO6	0.616
AGTRAP	0.536
MTHFR	0.0959
CLCN6	0.363
MIIP	0.762
LRRC38	0.57
PDPN	0.833
FHAD1	0.319
CASP9	0.152
AGMAT	0.942
SLC25A34	0.155
HSPB7	0.545
FAM131C	0.442
ARHGEF19	0.18
RSG1	0.296
FBXO42	0.827
CROCCP3	0.474
NBPF1	0.281
CROCCP2	0.351
MST1P2	0.0857
CROCC	0.15
ATP13A2	0.0455
SDHB	0.285
IGSF21	0.99
ALDH4A1	0.862
MRTO4	0.0201
CAPZB	0.295
HTR6	7.05e-7
OTUD3	0.948
PLA2G5	0.332
LOC339505	0.226
MUL1	0.0153
PINK1	0.0452
KIF17	0.814
ECE1	0.337
NBPF3	0.0686
ALPL	0.798
USP48	0.996
LUZP1	0.248
HTR1D	0.647
TCEA3	0.363
HMGCL	0.256
RHD	0.14
TMEM50A	0.874
RHCE	0.802
LDLRAP1	0.524
PAFAH2	0.726
ZNF593	0.0424
CNKSR1	0.00311
UBXN11	0.344
CD52	0.502
PIGV	0.332
NUDC	0.674
MAP3K6	0.234
STX12	0.992
RPA2	0.663
SMPDL3B	0.555
PHACTR4	0.156
SNHG3	0.698
GMEB1	0.372
SRSF4	0.101
PTPRU	0.443
NKAIN1	0.00887
SNRNP40	0.469
PEF1	0.0125
COL16A1	0.299
TXLNA	0.574
MTMR9LP	0.598
S100PBP	5.46e-4
HPCA	0.0022
TMEM54	0.0258
AK2	0.653
ZNF362	0.0149
PHC2	0.283
LSM10	0.491
OSCP1	0.338
LOC728431	0.927
MEAF6	0.348
DNALI1	0.83
C1orf109	0.68
EPHA10	0.00839
MANEAL	0.0523
INPP5B	0.8
SF3A3	0.103
NDUFS5	0.0245
BMP8A	0.00465
PPIEL	0.468
NT5C1A	0.503
TRIT1	0.0655
PPT1	0.0995
LOC100130557	0.124
RIMKLA	0.00341
ZMYND12	0.0138
CCDC23	0.104
EBNA1BP2	0.462
WDR65	0.529
TIE1	0.0674
ELOVL1	0.0152
MED8	0.0114
IPO13	0.125
DMAP1	0.0261
C1orf228	0.918
KIF2C	0.33
RPS8	0.396
BEST4	0.315
EIF2B3	0.782
ZSWIM5	0.0343
TESK2	0.144
CCDC163P	0.0589
PRDX1	0.414
UQCRH	0.291
NSUN4	0.0218
FAAH	0.061
MKNK1	0.351
ATPAF1	0.778
CYP4X1	0.219
CYP4Z1	0.0217
CMPK1	0.249
SLC5A9	0.736
AGBL4	1.29e-4
ELAVL4	0.481
TTC39A	0.19
RAB3B	0.0979
TXNDC12	0.407
ZCCHC11	0.308
SELRC1	0.0106
ZYG11B	0.0805
SCP2	0.653
C1orf123	3.93e-5
LRP8	2.39e-5
TMEM59	0.153
DHCR24	0.728
PPAP2B	0.814
OMA1	0.445
MYSM1	0.0137
FGGY	0.634
HOOK1	0.645
INADL	0.188
L1TD1	0.817
KANK4	0.853
ATG4C	0.732
ALG6	0.528
ITGB3BP	0.124
EFCAB7	0.199
DLEU2L	0.473
PGM1	0.354
RAVER2	0.602
JAK1	0.209
LEPROT	0.509
LEPR	0.561
PDE4B	0.0646
TCTEX1D1	0.0154
WDR78	0.834
IL12RB2	0.907
DIRAS3	0.543
LRRC40	0.953
HHLA3	0.0689
PTGER3	0.14
LRRIQ3	0.716
FPGT-TNNI3K	0.904
FPGT	0.666
CRYZ	0.824
TYW3	0.242
SLC44A5	0.8
ACADM	0.583
MSH4	0.533
ST6GALNAC3	0.059
PIGK	0.525
AK5	0.0755
USP33	0.408
PTGFR	0.301
RPF1	0.432
GNG5	0.0889
CTBS	0.117
LPAR3	0.818
MCOLN3	0.0363
WDR63	0.0857
C1orf52	0.482
BCL10	0.486
ZNHIT6	0.899
COL24A1	0.107
ODF2L	0.988
CLCA4	0.726
15-Sep	0.341
CCBL2	0.393
RBMXL1	0.0811
GBP3	0.386
GBP4	0.741
LRRC8B	0.75
LRRC8C	0.004
HFM1	0.79
CDC7	0.141
EPHX4	0.235
BTBD8	0.325
RPAP2	0.377
EVI5	0.555
FAM69A	0.755
TMED5	0.278
LOC100131564	0.708
DR1	0.0154
BCAR3	0.693
DNTTIP2	0.412
GCLM	0.784
ABCA4	0.919
ARHGAP29	0.482
SLC44A3	0.854
CNN3	0.583
LOC729970	0.211
TMEM56	1e-4
RWDD3	1.17e-4
PTBP2	0.232
FRRS1	0.807
AGL	0.975
SLC35A3	0.889
SASS6	0.849
DBT	0.747
SLC30A7	0.106
AMY2B	0.0485
PRMT6	0.571
VAV3	0.173
SLC25A24	0.84
FNDC7	0.516
GPSM2	0.338
CLCC1	0.457
TMEM167B	0.911
KIAA1324	0.719
CELSR2	0.373
PSRC1	0.885
GSTM2	0.00598
GSTM4	0.0922
GSTM5	0.00868
GSTM3	0.00938
KCNC4	0.468
CD53	0.0293
DRAM2	0.716
CEPT1	0.0391
OVGP1	0.395
ATP5F1	0.0606
LOC100506343	0.0615
DDX20	0.101
WNT2B	0.0728
ST7L	0.686
PPM1J	0.395
LRIG2	0.516
MAGI3	0.768
PHTF1	0.166
RSBN1	0.0448
PTPN22	0.231
AP4B1	0.706
DCLRE1B	0.115
SYT6	0.857
BCAS2	0.938
CSDE1	0.00506
SIKE1	0.00427
TSPAN2	1.46e-4
VANGL1	0.786
NHLH2	0.775
SLC22A15	0.414
TTF2	0.662
GDAP2	0.0132
WARS2	0.716
HSD3BP4	0.0639
ZNF697	0.0901
PHGDH	0.876
HIST2H2BA	0.979
NBPF10	0.88
PDIA3P	0.0834
FMO5	0.0212
CHD1L	0.122
ACP6	0.418
C1orf54	0.032
MRPS21	0.124
RPRD2	0.0116
GOLPH3L	0.0523
HORMAD1	0.016
CTSS	0.00164
CTSK	0.765
ARNT	0.0116
CERS2	0.00635
PRUNE	0.74
GABPB2	0.167
SELENBP1	0.307
PSMB4	0.00524
RIIAD1	0.174
LOC100132111	0.502
THEM4	0.206
S100A10	0.972
HRNR	0.2
FLG	0.812
FLG2	0.955
S100A16	0.0449
S100A13	0.0198
S100A1	0.104
CHTOP	0.257
CREB3L4	0.105
NUP210L	0.802
HAX1	0.209
CHRNB2	0.263
ADAR	0.377
KCNN3	2.33e-4
ZBTB7B	1.62e-4
ADAM15	0.0406
THBS3	0.131
GBAP1	0.406
SCAMP3	0.451
FDPS	0.0499
YY1AP1	0.156
DAP3	0.241
UBQLN4	0.581
PMF1-BGLAP	0.431
C1orf85	0.776
APOA1BP	0.904
GPATCH4	0.683
MRPL24	0.601
PRCC	0.837
ARHGEF11	0.529
MNDA	0.982
IFI16	0.12
SLAMF8	0.119
C1orf204	0.304
ATP1A4	0.0791
CASQ1	0.391
COPA	0.316
CD244	0.917
F11R	0.406
TSTD1	0.206
KLHDC9	0.933
NIT1	0.603
PPOX	0.394
NDUFS2	0.00262
PCP4L1	0.0277
MPZ	0.0771
SDHC	0.397
FCRLB	0.615
DUSP12	0.283
ATF6	0.752
OLFML2B	0.806
DDR2	0.651
C1orf110	0.375
MGST3	0.771
ALDH9A1	0.729
POGK	0.0645
TADA1	0.58
MAEL	0.0686
CD247	0.886
MPZL1	0.727
ADCY10	0.964
GPR161	0.066
TIPRL	0.77
NME7	0.122
BLZF1	0.272
F5	0.918
C1orf112	0.581
SELL	0.763
METTL18	0.0155
SCYL3	0.535
KIFAP3	0.849
GORAB	0.794
PRRX1	0.192
FMO3	0.206
FMO2	0.455
FMO4	0.121
VAMP4	0.0123
METTL13	0.146
TNFSF18	0.21
ANKRD45	0.199
DARS2	0.192
GAS5	0.762
RABGAP1L	5.93e-5
MRPS14	1.03e-4
TNN	0.912
KIAA0040	0.0345
PAPPA2	0.717
SEC16B	0.822
LOC730102	0.43
RASAL2	0.53
ANGPTL1	0.334
FAM20B	0.584
TOR3A	0.227
ABL2	0.16
SOAT1	0.542
AXDND1	0.0983
TDRD5	0.0366
FAM163A	0.42
QSOX1	0.147
FLJ23867	0.00167
ACBD6	0.359
KIAA1614	0.188
STX6	0.526
MR1	0.42
CACNA1E	0.0248
RNASEL	0.0474
LAMC2	0.0247
TSEN15	0.674
EDEM3	0.857
SWT1	0.018
C1orf27	0.839
PDC	0.679
GLRX2	0.396
KCNT2	0.58
CFH	0.296
ZBTB41	0.0966
CRB1	0.024
DENND1B	0.588
KIF14	0.167
DDX59	0.0392
KIF21B	0.464
TMEM9	0.938
PKP1	0.61
TNNT2	0.269
PHLDA3	0.0577
RPS10P7	0.651
IPO9	0.0604
SHISA4	0.394
LMOD1	0.0192
UBE2T	0.123
ADIPOR1	0.847
TMEM183A	0.355
ADORA1	0.607
CHIT1	0.427
LRRN2	0.178
TMEM81	0.0295
RBBP5	0.219
TMCC2	0.0165
MFSD4	0.601
RAB7L1	0.0384
PM20D1	5.84e-4
SLC26A9	5.84e-4
IKBKE	0.545
RASSF5	0.939
EIF2D	0.722
CD55	0.0328
CR1	0.655
CD46	0.00385
PLXNA2	0.101
CAMK1G	0.479
LAMB3	0.306
G0S2	0.0664
C1orf74	0.809
IRF6	0.168
DIEXF	0.559
HHAT	0.825
TRAF5	0.949
LPGAT1	0.537
PPP2R5A	0.751
TMEM206	0.763
BATF3	0.0321
NSL1	0.317
TATDN3	0.405
FLVCR1	0.549
VASH2	0.0622
RPS6KC1	0.141
SMYD2	0.294
PTPN14	0.197
RRP15	0.197
LOC643723	0.0806
LYPLAL1	0.728
SLC30A10	0.833
RAB3GAP2	0.624
C1orf115	0.0253
HLX	0.209
TAF1A	0.961
MIA3	0.00395
SUSD4	0.156
FBXO28	0.726
CNIH4	0.356
DNAH14	0.122
ENAH	0.255
TMEM63A	0.0389
LEFTY1	0.565
C1orf95	7.86e-4
ADCK3	0.538
CDC42BPA	0.918
ZNF678	0.388
LOC100130093	0.207
SNAP47	0.518
JMJD4	0.838
OBSCN	0.302
RAB4A	0.0795
GALNT2	0.166
AGT	0.309
CAPN9	0.245
ARV1	0.257
FAM89A	0.812
EGLN1	0.809
KIAA1804	0.935
LOC100506795	0.0731
IRF2BP2	0.735
RBM34	0.00485
GGPS1	0.856
B3GALNT2	0.394
ERO1LB	0.836
LGALS8	0.306
HEATR1	0.772
ACTN2	0.772
MTR	0.464
FMN2	0.0304
GREM2	0.0459
WDR64	0.763
EXO1	0.489
PLD5	0.584
CEP170	8.47e-5
SDCCAG8	0.048
C1orf101	0.328
EFCAB2	0.982
TFB2M	0.00273
SCCPDH	0.993
LOC149134	0.559
ZNF695	0.846
ZNF670	0.868
ZNF669	0.855
C1orf229	0.855
ZNF124	0.00208
NLRP3	0.672
TRIM58	0.184
OR2L13	0.958
OR14I1	0.0772
